"mes_ano","data_envio","orgao","sigla_orgao","media_consumo_mes_2018_2019","consumo_mes_referencia","justificativa_meta","observacao"
"092021",2022-01-10 22:50:21.000,"Instituto Federal de Educação, Ciência e Tecnologia do Triângulo Mineiro",IFTM,213336,97175,,Meta alcançada conforme art. 4º do Dec. 10.779/2021
"092021",2022-01-11 07:48:55.000,Universidade Federal de Alagoas,UFAL,1073877,748118,,
"092021",2022-01-11 08:31:24.000,Ministério de Minas e Energia,MME,193282,147346,,"Redução de 45.936 kWh/mês entre o consumo médio de setembro de 2018/2019 em relação a setembro 2021, -23,77%. Parte dessa economia foi obtida por conta da pandemia que obrigou muitos servidores a desenvolverem seus trabalhos na forma remota."
"092021",2022-01-11 08:48:25.000,Fundação Universidade Federal de Ciências da Saúde de Porto Alegre,UFCSPA,158442,114107,,
"092021",2022-01-11 08:59:18.000,Universidade Federal de Santa Maria,UFSM,1377296,814021,,"O valor de consumo de energia elétrica referente ao mês de setembro de 2021 atendeu as metas de redução de consumo. Os dados de consumo anual, as médias de 2018-2019 e as metas de redução referente à Universidade Federal de Santa Maria estão disponíveis em: https://www.ufsm.br/pro-reitorias/proinfra/dec-10779"
"092021",2022-01-11 09:29:24.000,Ministério das Relações Exteriores,MRE,612387,430366,,
"092021",2022-01-11 09:31:04.000,Agência Nacional de Energia Elétrica,ANEEL,236958,157890,,"Consumo referente ao complexo predial ANEEL/ANP, em Brasília-DF."
"092021",2022-01-11 09:58:48.000,Advocacia-Geral da União,AGU,1197189,651963,,
"092021",2022-01-13 09:42:01.000,Universidade Federal do Cariri,UFCA,158397,60722,,
"092021",2022-01-11 10:31:46.000,Fundação Universidade Federal de Viçosa,UFV,1334200,943600,,"A instituição se encontra no regime de aulas remotas, o que contribuiu para essa redução no consumo. Além disso, entrou em operação no dia 10/08/2021 uma usina fotovoltaica que vem produzindo uma média mensal de 37.834 kWh."
"092021",2022-01-11 10:17:00.000,Universidade Federal de Uberlândia,UFU,1156247,663095,,"Em Uberlândia, setembro é um dos meses mais quentes portanto com maior consumo de energia em função do maior uso de ar condicionado."
"092021",2022-01-11 10:24:50.000,Fundação Universidade Federal de Pelotas,UFPel,596054,404259,,"Apesar de termos uma economia de mais de 32% muito  se deve a estarmos trabalhando, prioritariamente, em home-office, bem como as aulas estão sendo em sua maioria on-line, com exceção de atividades práticas ou administrativas essenciais.
Por outro lado, se estivéssemos em um período normal seria difícil atendermos os níveis pretendidos, visto que já desenvolvemos, desde 2006, um programa de gerenciamento de energia na instituição, o PROBEN (wp.ufpel.edu.br/proben) que busca, entre outras coisas, a educação dos usuários para o uso correto dos equipamentos e sistemas, e que já proporcionou à UFPel um custo evitado de quase 10 milhões nestes 15 anos, levando-se em conta projetos de eficiência energética, análise e adequação de tarifas de Média Tensão, correção de fator  de potência e educação do usuário."
"092021",2022-01-11 11:35:54.000,Universidade Federal da Paraíba,UFPB,1474135,838146,,
"092021",2022-01-11 12:24:09.000,Instituto Brasileiro de Museus,IBRAM,37918,14096,,A redução do Quilowatt-Hora também se deve à devolução de 2 pavimentos do Edifício em 2021 onde o Ibram funciona.
"092021",2022-01-14 18:56:55.000,Colégio Pedro II,CP II,393958,107095,,
"092021",2022-01-11 16:49:24.000,"Instituto Federal de Educação, Ciência e Tecnologia do Rio Grande do Norte",IFRN,740933,165054,,"O IFRN possui 2.100 kWp de geradores solares fotovoltaicos para autoprodução de energia elétrica, cuja média de produção mensal é de 270.900 kWh."
"092021",2022-01-11 17:20:06.000,"Instituto Federal de Educação, Ciência e Tecnologia do Amazonas",IFAM,664769,334199,,"Houve uma redução abrupta do consumo de energia no mês de setembro de 2021, quando comparado ao mesmo período dos anos de 2018 e 2019, justificado pelas restrições sanitárias e consequente redução de atividades presenciais nas unidades do instituto. "
"092021",2022-01-11 18:09:50.000,"Agência Nacional do Petróleo, Gás Natural e Biocombustíveis",ANP,91800,85200,"A ANP analisou as possibilidades de redução de consumo de energia, cujos impactos previstos não trariam riscos ou pudessem ser mitigados. Iniciando assim a sua implementação de forma imediata, entretanto a efetividade das medidas levou um tempo para surtir o efeito desejado, o que ocorreu logo em seguida.","Analisando o mês de setembro por semanas, já pode ser constatado na última semana que a meta prevista estava sendo atendida, entretanto com a visão é mensal o percentual total ainda ficou abaixo da meta."
"092021",2022-01-12 10:40:57.000,Agência Espacial Brasileira,AEB,159,205,"Primeiro é que os aparelhos de ar condicionados da AEB ainda são antigos, 90%(noventa por cento), ainda são de janelas.
Segundo é que 70% (setenta por centos) dos funcionários da AEB não fizeram Home Office. ",
"092021",2022-01-12 11:21:04.000,Universidade Federal de Catalão,UFCAT,8169504,3767748,,"Informo que no mês de setembro de 2021 estávamos em um período de pandemia, portanto nossas duas sedes não estava
em 100% de seu funcionamento."
"092021",2022-01-12 10:26:40.000,Universidade Federal do Triângulo Mineiro,UFTM,237336,157301,,Em Setembro de 2021 a universidade estava atuando com 60% presencial.
"092021",2022-01-12 10:54:47.000,Comissão de Valores Mobiliários,CVM,60377,39845,,
"092021",2022-01-12 14:50:16.000,"Ministério da Agricultura, Pecuária e Abastecimento",MAPA,383418,296920,,Sem observações.
"092021",2022-01-12 14:56:30.000,Fundação Coordenação de Aperfeiçoamento de Pessoal de Nível Superior,CAPES,200139,182067,"Setembro foi o primeiro mês após o Decreto Presidencial para tomar as medidas necessárias e conscientizar os usuários com relação ao racionamento de energia elétrica. Importante destacar que ao longo dos últimos anos a CAPES já tem feito um trabalho para economizar energia. A redução de consumo pode ser verificada nos gráficos da página 64 do Relatório de Gestão da CAPES: https://www.gov.br/capes/pt-br/centrais-de-conteudo/05072021_RelatoriodeGestao2020.pdf.
",
"092021",2022-01-12 22:18:17.000,Fundação Universidade Federal de São João Del Rei,UFSJ,311617,194964,,Trabalho Remoto em virtude da pandemia COVID-19
"092021",2022-01-13 08:48:49.000,Superintendência de Seguros Privados,SUSEP,107822,68001,,"Em função da pandemia ocasionada pela COVID19, desde maio de 2020, as atividades presenciais nos estabelecimentos ocupados pela SUSEP foram reduzidas ao mínimo necessário, o que acarretou em uma redução drástica no consumo de energia elétrica."
"092021",2022-01-13 08:51:39.000,"Instituto Federal de Educação, Ciência e Tecnologia Sudeste de Minas Gerais",IFMGSE,48300,18000,,"Sem observações adicionais. O Campus Juiz de Fora do IF Sudeste MG se mobilizou em algumas ações para intensificar ainda mais a redução do consumo de energia, como ação de eficiência energética: https://www.ifsudestemg.edu.br/noticias/juizdefora/novo-sistema-de-iluminacao-do-campus-deve-reduzir-consumo-anual-de-energia-em-35"
"092021",2022-01-13 09:27:14.000,Universidade Federal da Bahia,UFBA,1928922,777746,,
"092021",2022-01-13 10:16:21.000,"Instituto Federal de Educação, Ciência e Tecnologia do Amapá",IFAP,118220,16800,,
"092021",2022-01-13 11:33:01.000,Instituto Federal de Sergipe,IFS,334452,125155,,"Nota-se que houve uma redução de 18,25% entre os meses de setembro de 2021 para setembro de 2020."
"092021",2022-01-13 13:43:42.000,Fundação Nacional do Índio,FUNAI,56882,49033,,
"092021",2022-01-13 14:28:49.000,Universidade Federal do Oeste da Bahia,UFOB,251216,93566,,
"092021",2022-01-13 18:27:31.000,Universidade Federal de Goiás,UFG,1475112,937903,,"Baseado nas UCs que a Universidade Federal de Goiás tem responsabilidade financeira em 2021, foram extraídos os dados referentes aos anos de 2018 e 2019."
"092021",2022-01-14 09:42:08.000,"Instituto Federal de Educação, Ciência e Tecnologia do Sul de Minas Gerais",IFSULDEMINAS,239423,104474,,
"092021",2022-01-14 11:00:39.000,Agência Nacional de Transportes Terrestres,ANTT,254911,203885,,
"092021",2022-01-14 13:01:07.000,Fundação Universidade Federal da Grande Dourados,UFGD,317858,88358,,Em 2021 a universidade estava com as aulas presenciais suspensas devido a pandemia. 
"092021",2022-01-14 15:46:51.000,Universidade Federal do Ceará,UFC,2736905,1618872,,"A redução observada, considera os efeitos da pandemia, em que foram implantados o teletrabalho e as aulas remotas."
"092021",2022-01-14 17:23:47.000,Fundação Nacional de Saúde,FUNASA,605,630,"justificamos que o não atingimento da economia de ao menos 10% em Setembro se deu devido ao aumento da demanda estabelecida no contrato que ocorreu com o retorno das atividades institucionais ao edifício sede, gerando assim, o aumento no consumo de energia, tendo em vista a utilização de elevadores, computadores, iluminação em geral,",
"092021",2022-01-14 17:50:07.000,Banco Central do Brasil ,BCB,2610592,1913920,,
"092021",2022-01-14 18:44:27.000,Fundação Biblioteca Nacional,FBN,144084,64081,,"A FBN estava trabalhando em regime de trabalho híbrido (presencial e remoto, com ênfase no remoto) no ano de 2021 em razão do risco oferecido pelo coronavírus."
"092021",2022-01-14 21:11:06.000,Agência Nacional do Cinema,ANCINE,68645,50558,,"Algumas das medidas adotadas foram: 
- desligamento do sistema de iluminação nos locais em que os servidores não estejam presentes; 
- redução do horário de funcionamento dos aparelhos de ar-condicionado; 
- redução da iluminação dos corredores; 
- orientações sobre o uso consciente de equipamentos eletrônicos e elevadores. "
"092021",2022-01-14 21:25:19.000,Universidade Federal de Minas Gerais,UFMG,2976636,2160166,,Redução de 27% no consumo de energia. 
"092021",2022-01-17 09:31:45.000,"Instituto Federal de Educação, Ciência e Tecnologia de Santa Catarina",IFSC,434735,211180,,
"092021",2022-01-17 11:44:46.000,Centro Federal de Educação Tecnológica - Celso Suckow da Fonseca -,CEFET-RJ,343108,121268,,
"092021",2022-01-17 13:23:58.000,Universidade Federal do Rio Grande do Norte,UFRN,2881824,1714815,,
"092021",2022-01-17 15:05:08.000,Universidade Federal do Estado do Rio de Janeiro,UNIRIO,302768,115081,,No ano de 2019 foram 308205 kWh e em 2018 foram 297330 kWh.
"092021",2022-01-17 14:52:21.000,Fundação Nacional de Artes,FUNARTE,56630,24166,,"Redução de 54,94%."
"092021",2022-01-17 14:57:58.000,Universidade Federal do Rio Grande do Sul,UFRGS,2072387,1486244,,O mês de setembro de 2021 contemplou a pandemia onde muitos alunos estavam em casa tendo aulas online e muitos servidores estavam em homeoffice.
"092021",2022-01-17 16:39:38.000,Escola Nacional de Administração Pública,ENAP,284,129,,
"092021",2022-01-17 17:02:30.000,"Instituto Federal de Educação, Ciência e Tecnologia do Espírito Santo",IFES,744624,3760992,,"Alguns valores informados pelas sedes são aproximados, devido a isso as informações podem sofrer pequenas variações, tanto para mais quanto para menos.  "
"092021",2022-01-17 16:34:14.000,Agência Nacional de Telecomunicações,ANATEL,348307,291184,,Os dados são referentes à unidade Sede da Anatel - DF
"092021",2022-01-17 16:37:43.000,Agência Nacional de Saúde Suplementar,ANS,210336,144152,,"A instituição, no mês em tela, estava fechada para atendimentos externos e trabalhos internos presenciais em razão da pandemia de Covid-19, permanecendo atuante a equipe de Infraestrutura em razão de obras de melhorias no prédio SEDE, localizado na Cidade do Rio de Janeiro/RJ

"
"092021",2022-01-17 17:19:52.000,Instituto Brasileiro de Geografia e Estatística,IBGE,960389,518766,,
"092021",2022-01-17 17:58:06.000,Ministério da Cidadania,MC,120693,99305,,
"092021",2022-01-17 17:57:54.000,Ministério da Economia,ME,8906300,6215970,,"Em atendimento as disposições contidas na Portaria SEGES/ME 14.584 de 13 de dezembro de 2021 informo que os dados apresentados para os meses de setembro de 2018, setembro de 2019 e setembro de 2021 são fornecidos pela Comissão Interna de Conservação de Energia do Ministério da Economia – CICE-ME com extração em 04 de março de 2022, às 18:33h. No âmbito do Ministério da Economia, a CICE-ME estabeleceu que serão objeto de monitoramento para fins do cumprimento do disposto no Decreto Nº 10.779/21, art. 4º e §§ 1º, 2º todos os prédios cujo pagamento da fatura de energia é realizado pelo Ministério da Economia. No dia 04/03/2022, constam 626 prédios na base de monitoramento. Cumpre salientar que o conjunto de dados apresentados é dinâmico e pode sofrer alterações assim como o conjunto de prédios que, dos dados consolidados, em setembro de 2021 representa 96,49% do total de prédios a serem monitorados."
"092021",2022-01-17 19:22:32.000,Universidade Federal de São Paulo,UNIFESP,1701318,1582071,"A Universidade Federal de São Paulo é composta pela Reitoria e 7 campi, que em sua maioria, tiveram atividades presenciais interrompidas desde março de 2020. 
O Campus São Paulo que em conjunto com a Escola Paulista de Enfermagem (EPE), Escola Paulista de Medicina (EPM) e Hospital São Paulo/Hospital Universitário II  tem contribuído para os avanços das ciências, para formação de profissionais da saúde e pesquisadores por meio da oferta de cursos de graduação e pós graduação na área da saúde (Biomedicina, Fonoaudiologia, Medicina, Tecnologia Oftálmica, Tecnologia em Informática em Saúde, Tecnologia em Radiologia e Enfermagem) teve suas atividades práticas acadêmicas intensificadas com o surgimento de pesquisas laboratoriais emergenciais, postos de atendimento e vacinação, bem como uma cadeia de atividades de apoio às ações de combate ao coronavírus.
O Campus possui uma estrutura complexa que é formada por cerca de 110 imóveis, dentre os quais edifícios de grande porte e complexidade, sendo que há necessidade de se manter refrigeração ininterrupta de muitas estruturas para a preservação de amostras e equipamentos.
Entre 2020 e 2021 o Campus aprovou a proposta de redução de contratos de demandas de energia de 8 imóveis, promoveu conscientização e sensibilização quanto ao uso racional de energia elétrica e identificou a necessidade de modernizações estruturais consideráveis decorrentes da idade da maioria dos imóveis.
Embora não tenha sido atingido o patamar mínimo de 10% de redução em setembro, conforme determinado em Decreto, a Universidade tem empenhado esforços visando a diminuição do consumo há alguns anos por meio das metas do Plano de Gestão de Logística Sustentável (desde 2014), da promoção de Boas Práticas para economia de Energia Elétrica (publicado em 2015), da criação de Grupo de Trabalho Técnico (com objetivo de revisar a demanda contratada e propor melhorias para redução do consumo - 2018) e da realização de campanhas de conscientização e sensibilização anuais. O Campus São Paulo acumulou 12,9% de redução entre 2016 e 2021 por meio da devolução de imóveis alugados e da readequação da utilização dos imóveis, que não impactaram as atividades acadêmicas e assistenciais.",
"092021",2022-01-18 10:05:38.000,"Instituto Nacional de Metrologia, Qualidade e Tecnologia",INMETRO,1072335,924646,,"O valor total da média nos meses de setembro de 2018 e 2019 engloba todos os imóveis sob responsabilidade ou ocupados pelo Inmetro nas datas, no estado do Rio de Janeiro.
O valor total do mês de setembro de 2021 continua englobando todos os imóveis sob responsabilidade ou ocupados pelo Inmetro na data, no estado do Rio de Janeiro."
"092021",2022-01-18 10:42:26.000,"Instituto Federal de Educação, Ciência e Tecnologia do Piauí",IFPI,736962,209611,,
"092021",2022-01-18 12:00:32.000,Universidade Federal do Rio Grande,FURG,560255,450639,,
"092021",2022-01-18 19:49:20.000,Universidade Federal de Itajubá,UNIFEI,256200,170800,,
"092021",2022-01-19 12:11:56.000,"Instituto Federal de Educação, Ciência e Tecnologia Fluminense",IFFLU,385626,134050,,Faltam informações de dois de nossos campi que não enviaram os dados no tempo solicitado.
"092021",2022-01-19 19:23:49.000,Universidade Federal do Agreste de Pernambuco,UFAPE,60131,35003,,A instituição ainda não estava em plena atividade.
"092021",2022-01-20 14:58:04.000,Universidade Federal dos Vales do Jequitinhonha e Mucuri,UFVJM,276722,205720,,"A média de consumo indicada nos campos acima contabiliza a soma do consumo total de energia elétrica  (somando-se os consumos fora de ponta e em hora de ponta para as instalações com tarifa diferenciada), para os diversos campi e edificações da instituição, totalizando 16 instalações. "
"092021",2022-01-20 15:30:42.000,Universidade Federal do ABC,UFABC,652661,409761,,
"092021",2022-01-20 16:56:17.000,Ministério da Justiça e Segurança Pública,MJSP,399909,343599,,
"092021",2022-01-20 17:46:39.000,"Instituto Federal de Educação, Ciência e Tecnologia Sul-Rio-Grandense",IFSul,252244,109414,,
"092021",2022-01-20 17:34:13.000,Agência Nacional de Aviação Civil,ANAC,202978,145877,,
"092021",2022-01-20 17:48:38.000,Ministério da Defesa,MD,220000,168000,,
"092021",2022-01-20 19:18:40.000,Fundação Universidade Federal de Mato Grosso do Sul,UFMS,867145,538840,,
"102021",2022-01-11 07:48:55.000,Universidade Federal de Alagoas,UFAL,1268864,793699,,
"102021",2022-01-11 08:31:24.000,Ministério de Minas e Energia,MME,230377,162949,,"Idem observação anterior,  mais as medidas tomadas pela Administração para reduzir o consumo."
"102021",2022-01-11 08:48:25.000,Fundação Universidade Federal de Ciências da Saúde de Porto Alegre,UFCSPA,175520,111046,,
"102021",2022-01-11 08:59:18.000,Universidade Federal de Santa Maria,UFSM,1388152,904074,,"Da mesma forma como foi para Setembro/2021, para o mês de Outubro/2021 foram atendidas as metas de redução de consumo."
"102021",2022-01-11 09:29:24.000,Ministério das Relações Exteriores,MRE,701502,496302,,
"102021",2022-01-11 09:31:04.000,Agência Nacional de Energia Elétrica,ANEEL,257816,151129,,"Consumo referente ao complexo predial ANEEL/ANP, em Brasília-DF."
"102021",2022-01-11 09:58:48.000,Advocacia-Geral da União,AGU,1233603,670323,,
"102021",2022-01-11 10:07:58.000,"Instituto Federal de Educação, Ciência e Tecnologia do Triângulo Mineiro",IFTM,238463,88547,,
"102021",2022-01-13 09:42:01.000,Universidade Federal do Cariri,UFCA,177200,67880,,
"102021",2022-01-11 10:31:46.000,Fundação Universidade Federal de Viçosa,UFV,1339800,929600,,"A instituição encontra-se em regime de aulas remotas, o que contribuiu para a redução no consumo de energia. Além disso entrou em operação no dia 10/08/2021 uma Usina Fotovoltaica que tem gerado mensalmente 37.834 kWh."
"102021",2022-01-11 10:17:00.000,Universidade Federal de Uberlândia,UFU,1269931,646467,,"Em Uberlândia, Outubro também é um mês muito quente e quase sem chuva, resultando em alto consumo de ar condicionado."
"102021",2022-01-11 10:24:50.000,Fundação Universidade Federal de Pelotas,UFPel,504636,364574,,"Apesar de termos uma economia de quase 28% muito  se deve a estarmos trabalhando, prioritariamente, em home-office, bem como as aulas estão sendo em sua maioria on-line, com exceção de atividades práticas ou administrativas essenciais.
Por outro lado, se estivéssemos em um período normal seria difícil atendermos os níveis pretendidos, visto que já desenvolvemos, desde 2006, um programa de gerenciamento de energia na instituição, o PROBEN (wp.ufpel.edu.br/proben) que busca, entre outras coisas, a educação dos usuários para o uso correto dos equipamentos e sistemas, e que já proporcionou à UFPel um custo evitado de quase 10 milhões nestes 15 anos, levando-se em conta projetos de eficiência energética, análise e adequação de tarifas de Média Tensão, correção de fator  de potência e educação do usuário."
"102021",2022-01-11 11:35:54.000,Universidade Federal da Paraíba,UFPB,1481821,776336,,
"102021",2022-01-11 12:24:09.000,Instituto Brasileiro de Museus,IBRAM,36160,9385,,A redução do Quilowatt-Hora também se deve à devolução de 2 pavimentos do Edifício em 2021 onde funciona o Ibram.
"102021",2022-01-14 18:56:55.000,Colégio Pedro II,CP II,447076,101550,,
"102021",2022-01-11 16:49:24.000,"Instituto Federal de Educação, Ciência e Tecnologia do Rio Grande do Norte",IFRN,804379,204886,,"O IFRN possui 2.100 kWp de geradores solares fotovoltaicos para autoprodução de energia elétrica, cuja média de produção mensal é de 270.900 kWh. O retorno gradual dos servidores ao trabalho presencial foi iniciado em 18/10, com percentual 30%. O retorno presencial do alunos está programado para iniciar no próximo mês. "
"102021",2022-01-11 17:20:06.000,"Instituto Federal de Educação, Ciência e Tecnologia do Amazonas",IFAM,689906,397938,,"O mês de outubro de 2021 apresenta um pequeno aumento de consumo em relação ao mês anterior, que pode ser justificado devido a um pequeno incremento nas atividades presenciais e devido às condições climáticas, pois tradicionalmente o mês de outubro é mais quente (no estado do Amazonas), exigindo maior utilização do condicionamento de ar dos ambientes internos das edificações. "
"102021",2022-01-11 18:09:50.000,"Agência Nacional do Petróleo, Gás Natural e Biocombustíveis",ANP,97800,72300,,
"102021",2022-01-12 10:40:57.000,Agência Espacial Brasileira,AEB,156,205,As mesmas justificativas que dei no item anterior referente a setembro.,
"102021",2022-01-12 11:21:04.000,Universidade Federal de Catalão,UFCAT,9357269,2706372,,"Informo que no mês de outubro de 2021 estávamos em um período de pandemia, portanto nossas duas sedes não estava
em 100% de seu funcionamento."
"102021",2022-01-12 10:26:40.000,Universidade Federal do Triângulo Mineiro,UFTM,302806,171529,,Em Outubro de 2021 a Universidade estava atuando com 60% presencial.
"102021",2022-01-12 10:54:47.000,Comissão de Valores Mobiliários,CVM,65447,39265,,
"102021",2022-01-12 14:50:16.000,"Ministério da Agricultura, Pecuária e Abastecimento",MAPA,368468,249724,,Sem observações.
"102021",2022-01-12 14:56:30.000,Fundação Coordenação de Aperfeiçoamento de Pessoal de Nível Superior,CAPES,198706,171266,,
"102021",2022-01-12 22:18:17.000,Fundação Universidade Federal de São João Del Rei,UFSJ,318896,179125,,Trabalho Remoto em virtude da pandemia covid-19
"102021",2022-01-13 08:48:49.000,Superintendência de Seguros Privados,SUSEP,113974,64903,,"Em função da pandemia ocasionada pela COVID19, desde maio de 2020, as atividades presenciais nos estabelecimentos ocupados pela SUSEP foram reduzidas ao mínimo necessário, o que acarretou em uma redução drástica no consumo de energia elétrica."
"102021",2022-01-13 08:51:39.000,"Instituto Federal de Educação, Ciência e Tecnologia Sudeste de Minas Gerais",IFMGSE,53700,16920,,Mesmas observações do mês anterior
"102021",2022-01-13 09:27:14.000,Universidade Federal da Bahia,UFBA,2134949,820999,,
"102021",2022-01-13 10:16:21.000,"Instituto Federal de Educação, Ciência e Tecnologia do Amapá",IFAP,115460,18480,,
"102021",2022-01-13 11:33:01.000,Instituto Federal de Sergipe,IFS,321013,136644,,"Nota-se que houve uma redução entre os meses de outubro de 2020 para outubro de 2021 de 16,81%."
"102021",2022-01-13 13:43:42.000,Fundação Nacional do Índio,FUNAI,51223,42501,,
"102021",2022-01-13 14:28:49.000,Universidade Federal do Oeste da Bahia,UFOB,261062,125658,,
"102021",2022-01-13 18:27:31.000,Universidade Federal de Goiás,UFG,1567758,1125142,,"Baseado nas UCs que a Universidade Federal de Goiás possui responsabilidade financeira em 2021, foram considerados essas UCs para os anos de 2018 e 2019. A redução do consumo de energia elétrica (kWh) obtida foi de 28,23%."
"102021",2022-01-14 09:42:08.000,"Instituto Federal de Educação, Ciência e Tecnologia do Sul de Minas Gerais",IFSULDEMINAS,245407,126980,,
"102021",2022-01-14 11:00:39.000,Agência Nacional de Transportes Terrestres,ANTT,262820,219318,,
"102021",2022-01-14 13:01:07.000,Fundação Universidade Federal da Grande Dourados,UFGD,320735,70910,,A universidade está com as aulas presenciais suspensas devido a pandemia.
"102021",2022-01-14 15:46:51.000,Universidade Federal do Ceará,UFC,2423059,1576077,,"A redução observada, considera os efeitos da pandemia, em que foram implantados o teletrabalho e as aulas remotas."
"102021",2022-01-14 17:23:47.000,Fundação Nacional de Saúde,FUNASA,650,750,"Devido ao aumento da demanda estabelecida no contrato que se deu com o retorno das atividades institucionais ao edifício sede, gerando assim, o aumento no consumo de energia, tendo em vista a utilização de elevadores, computadores, iluminação em geral.",
"102021",2022-01-14 17:50:07.000,Banco Central do Brasil ,BCB,2675022,1944524,,
"102021",2022-01-14 18:44:27.000,Fundação Biblioteca Nacional,FBN,158740,67809,,
"102021",2022-01-14 21:11:06.000,Agência Nacional do Cinema,ANCINE,78184,49303,,"Algumas das medidas adotadas foram:
- desligamento do sistema de iluminação nos locais em que os servidores não estejam presentes; 
- redução do horário de funcionamento dos aparelhos de ar-condicionado; 
- redução da iluminação dos corredores; 
- orientações sobre o uso consciente de equipamentos eletrônicos e elevadores. "
"102021",2022-01-14 21:25:19.000,Universidade Federal de Minas Gerais,UFMG,3214131,2183714,,Redução de 32% no consumo de energia. 
"102021",2022-01-17 09:31:45.000,"Instituto Federal de Educação, Ciência e Tecnologia de Santa Catarina",IFSC,463305,215601,,
"102021",2022-01-17 11:44:46.000,Centro Federal de Educação Tecnológica - Celso Suckow da Fonseca -,CEFET-RJ,362976,118650,,
"102021",2022-01-17 13:23:58.000,Universidade Federal do Rio Grande do Norte,UFRN,3127890,1937556,,
"102021",2022-01-17 15:05:08.000,Universidade Federal do Estado do Rio de Janeiro,UNIRIO,344592,117846,,No ano de 2019 foram  344376 kWh e em 2018 foram 344807 kWh.
"102021",2022-01-17 14:52:21.000,Fundação Nacional de Artes,FUNARTE,62906,23656,,"Redução de 62,39%."
"102021",2022-01-17 14:57:58.000,Universidade Federal do Rio Grande do Sul,UFRGS,2185795,1406137,,Mesmo comentário do item anterior.
"102021",2022-01-17 16:39:38.000,Escola Nacional de Administração Pública,ENAP,345,171,,"Na verdade, a média de Outubro de 2018 e Outubro de 2019, ficou em 344,5 kWh, mas como é pedido para preencher no campo, um numero inteiro, foi informado o valor de 345 kWh."
"102021",2022-01-17 17:02:30.000,"Instituto Federal de Educação, Ciência e Tecnologia do Espírito Santo",IFES,835554,4413151,,"Alguns valores informados pelas sedes são aproximados, devido a isso as informações podem sofrer pequenas variações, tanto para mais quanto para menos."
"102021",2022-01-17 16:34:14.000,Agência Nacional de Telecomunicações,ANATEL,343188,295370,,Os dados se referem à unidade Sede - DF
"102021",2022-01-17 16:37:43.000,Agência Nacional de Saúde Suplementar,ANS,248200,192564,,"A instituição, no mês em tela, estava fechada para atendimentos externos e trabalhos internos presenciais em razão da pandemia de Covid-19, permanecendo atuante a equipe de Infraestrutura em razão de obras de melhorias no prédio SEDE, localizado na Cidade do Rio de Janeiro/RJ
"
"102021",2022-01-17 17:19:52.000,Instituto Brasileiro de Geografia e Estatística,IBGE,1050528,585770,,
"102021",2022-01-17 17:58:06.000,Ministério da Cidadania,MC,133640,95779,,
"102021",2022-01-17 17:57:54.000,Ministério da Economia,ME,9373024,6144010,,"Em atendimento as disposições contidas na Portaria SEGES/ME 14.584 de 13 de dezembro de 2021 informo que os dados apresentados para os meses de outubro de 2018, outubro de 2019 e outubro de 2021 são fornecidos pela Comissão Interna de Conservação de Energia do Ministério da Economia – CICE-ME com extração em 04 de março de 2022, às 18:33h. No âmbito do Ministério da Economia, a CICE-ME estabeleceu que serão objeto de monitoramento para fins do cumprimento do disposto no Decreto Nº 10.779/21, art. 4º e §§ 1º, 2º todos os prédios cujo pagamento da fatura de energia é realizado pelo Ministério da Economia. No dia 04/03/2022, constam 626 prédios na base de monitoramento. Cumpre salientar que o conjunto de dados apresentados é dinâmico e pode sofrer alterações assim como o conjunto de prédios que, dos dados consolidados, em outubro de 2021 representa 93,13% do total de prédios a serem monitorados."
"102021",2022-01-17 19:22:32.000,Universidade Federal de São Paulo,UNIFESP,1873189,1585595,,
"102021",2022-01-18 10:05:38.000,"Instituto Nacional de Metrologia, Qualidade e Tecnologia",INMETRO,1156755,977565,,"O valor total da média nos meses de outubro de 2018 e 2019 engloba todos os imóveis sob a responsabilidade ou ocupados pelo Inmetro nas datas, no estado do Rio de Janeiro.
O valor total da média no mês de outubro de 2021 continua englobando todos os imóveis sob a responsabilidade ou ocupados pelo Inmetro na data, no estado do Rio de Janeiro."
"102021",2022-01-18 10:42:26.000,"Instituto Federal de Educação, Ciência e Tecnologia do Piauí",IFPI,775460,242696,,
"102021",2022-01-18 12:00:32.000,Universidade Federal do Rio Grande,FURG,501056,426689,,
"102021",2022-01-18 19:49:20.000,Universidade Federal de Itajubá,UNIFEI,269150,174300,,
"102021",2022-01-19 12:11:56.000,"Instituto Federal de Educação, Ciência e Tecnologia Fluminense",IFFLU,400214,134193,,Faltam informações de dois de nossos campi que não enviaram os dados no tempo solicitado.
"102021",2022-01-19 19:23:49.000,Universidade Federal do Agreste de Pernambuco,UFAPE,78672,35783,,A instituição ainda não estava em plena atividade.
"102021",2022-01-20 14:58:04.000,Universidade Federal dos Vales do Jequitinhonha e Mucuri,UFVJM,298336,216112,,"A média de consumo indicada nos campos acima contabiliza a soma do consumo total de energia elétrica  (somando-se os consumos fora e em hora de ponta para as instalações com tarifa diferenciada), para os diversos campi e edificações da instituição, totalizando 16 instalações. "
"102021",2022-01-20 15:30:42.000,Universidade Federal do ABC,UFABC,750307,396163,,
"102021",2022-01-20 16:56:17.000,Ministério da Justiça e Segurança Pública,MJSP,464263,442959,"O incremento de atividades presenciais, com o retorno de boa parte dos agentes públicos que estavam em trabalho remoto por conta da pandemia, tem levado ao aumento de consumo de energia elétrica, o que está sendo determinante para o não atingimento da meta no mês de outubro.
","Ressalta-se que os dados relativos ao Resultado de 2021 (kwh) são referentes ao consumo mensal de energia elétrica dos edifícios Sede, Anexo I e II, Arquivo Central, Estacionamentos Via N2, BEPE no Gama, DSUP no Cruzeiro, todos localizados no Distrito Federal.
"
"102021",2022-01-20 17:46:39.000,"Instituto Federal de Educação, Ciência e Tecnologia Sul-Rio-Grandense",IFSul,241288,99035,,
"102021",2022-01-20 17:34:13.000,Agência Nacional de Aviação Civil,ANAC,219712,123675,,
"102021",2022-01-20 17:48:38.000,Ministério da Defesa,MD,225000,189000,,
"102021",2022-01-20 19:18:40.000,Fundação Universidade Federal de Mato Grosso do Sul,UFMS,907058,532653,,
"092021",2022-01-11 18:32:59.000,"Instituto Federal de Educação, Ciência e Tecnologia de Roraima",IFRR,31078,8681,,
"102021",2022-01-11 18:32:59.000,"Instituto Federal de Educação, Ciência e Tecnologia de Roraima",IFRR,33879,8946,,
"112021",2022-01-25 09:29:45.000,Ministério do Desenvolvimento Regional,MDR,77750,70000,Unificação de Ministérios,"redução de ocupação predial, devido ao aumento do home office"
"112021",2022-01-25 15:06:41.000,Agência Nacional de Transportes Terrestres,ANTT,254912,248323,"Tendo-se em consideração a volta de grande parte dos servidores para a sede da ANTT em novembro, não foi possível atingir a economia de ao menos 10% no citado mês.",
"112021",2022-01-27 17:17:43.000,Agência Espacial Brasileira,AEB,161,198,"Primeiro é que os aparelhos de ar condicionados da AEB ainda são antigos, 90%(noventa por cento),
ainda são de janelas.
Segundo é que 70% (setenta por centos) dos funcionários da AEB não fizeram Home Office.",
"112021",2022-01-26 15:08:24.000,Ministério da Justiça e Segurança Pública,MJSP,453708,420193,"No tocante ao mês de  novembro de 2021 cumpre informar que que a redução obtida não alcançou a meta estabelecida devido o aumento do consumo de energia relacionado ao retorno gradual de servidores que ainda estavam em regime de teletrabalho que aliou-se intrinsicamente ao fato de que há um alto consumo gerado pelo funcionamento dos aparelhos de climatização com portas e janelas das salas abertas, em atendimento as recomendações para controle da covid-19. Além disso, houve a instalação do Núcleo de Operação Centralizadas (NOC), no edifício Anexo II deste MJSP, para monitoramento dos equipamentos de TI, cujo funcionamento ocorreu no presente ano de  2021; em mesma medida, houve o aumento do número de capacitações no Batalhão Pronto Emprego (BEPE) da Força Nacional localizado no Gama/DF, por razão do incremento no número de servidores mobilizados e de ações de segurança pública; Adicionalmente, cumpre informar que ocorreu uma expansão na área de carpete do Edifício Anexo II, com a  instalação da equipe do Arquivo Central em uma nova área de mezanino construída no subsolo deste Ministério, trazendo em paralelo a redução em aluguéis; Por fim, devido à necessidade de  iluminação do Estacionamento da N2 (fazendinha) em todo o período noturno onde estão estacionadas aproximadamente 300 viaturas oficiais e que até o ano de  2021 não dispunha de iluminação e uso.","Observamos que a redução obtida para o mês de referência foi de 7%, apesar do aumento de área desta pasta."
"112021",2022-01-31 10:27:57.000,Ministério das Comunicações,MCOM,0,5,"Houve atingimento da média para o mês de novembro de 2021, duas e três vezes acima, para o ed. Sede e Anexo, respectivamente.","O parâmetro comparativo do Decreto baseia-se na média do mesmo mês dos anos 2018 e 2019. O mês de novembro de 2021 em comparação à média de novembro de 2018 e 2019 mostra redução de 23,04%."
"112021",2022-01-31 16:04:52.000,"Ministério da Ciência, Tecnologia e Inovações",MCTI,236870,230904,"Em,

set/2018 e set/2019 média 216970 kWh em set/2021: 196061 kWh redução de 9,64%;
out/2018 e set/2019 média 244740 kWh em out/2021: 235069 kWh redução de 3,95%;
nov/2018 e set/2019 média 236870 kWh em nov/2021: 235069 kWh redução de 2,25%;

MCTI Sede, Bloco E, Esplanada dos Ministérios – Brasília/DF
Em nossa edificação temos a iluminação (led’s) e sistema de elevadores novos com baixo consumo, ar condicionados são Split Inverter. Podemos notar que tivemos quase 10% de economia no mês de set/2021 no qual boa parte do corpo técnico do MCTI estava em teletrabalho, com o período de verão e crescente retorno do corpo técnico para ocupação no trabalho presencial, forma gradual, conforme o avanço da vacinação COVID-19, acarretou num percentual menor de economia nos meses seguintes out, nov, dez/2021.",
"112021",2022-01-28 10:14:57.000,Fundo Nacional de Desenvolvimento da Educação,FNDE,177710,218452,"Durante a pandemia, em abril de 2021, este FNDE devolveu o edifício Elcy Meirelles, locado para comportar todos os setores desta Autarquia. Com retorno ao presencial, em virtude de portaria publicada ao final de outubro, muitas demandas de ajustes de layouts, reformas etc. exigiram a utilização de máquinas e equipamentos, consumindo, excepcionalmente, mais energia.","Cabe destacar, em virtude do supracitado, novembro foi o mês em que ocorreu o maior consumo de energia elétrica."
"112021",2022-01-28 14:59:39.000,Fundação Nacional de Saúde,FUNASA,40653,52123,"Aumento da quantidade de funcionários que estavam em remoto e voltaram a trabalhar presencial, usando muitos computadores, elevador, e etc...",
"112021",2022-01-31 18:38:49.000,"Instituto Federal de Educação, Ciência e Tecnologia de Pernambuco",IFPE,25001,9501591,Ainda não foram postas em prática a politica de conservação de energia elétrica.,
"112021",2022-01-26 15:41:44.000,Fundação Universidade Federal de Viçosa,UFV,1372000,963200,,"A instituição se encontra no regime de aulas remotas, o que contribuiu para essa redução no consumo. Além disso, entrou em operação no dia 10/08/2021 uma usina fotovoltaica que vem produzindo uma média mensal de 37.834 kWh."
"112021",2022-01-26 17:32:00.000,Advocacia-Geral da União,AGU,1299920,687134,,"A partir da análise de dados apresentados, verificou-se que todas as SADs apresentaram redução do consumo de energia elétrica no período proposto, não apenas cumprindo, mas também superando a meta estabelecida no Decreto. A redução do consumo de energia elétrica para toda a AGU representou 47,1%."
"112021",2022-01-26 08:26:00.000,Universidade Federal do Ceará,UFC,2564859,1731994,,"A redução observada, considera os efeitos da pandemia, em que foram implantados o teletrabalho e as
aulas remotas."
"112021",2022-01-27 10:05:55.000,Fundação Universidade Federal de Pelotas,UFPel,568049,381718,,"A Ufpel desenvolve, desde 2006, um programa de gerenciamento de energia elétrica, PROBEN - Programa de Bom Uso Energético- que entre suas ações busca o uso eficiente da energia, inclusive com ações educativas. A redução significativa de energia no mês de novembro de 2021 (32,8%), se comparada à média dos anos de 2018/2019, é mais o resultado das atividades acadêmicas e administrativas estarem em grande parte remotas, pois por ja termos um programa permanente de conscientização seria difícil, em um período típico, obtermos os índices indicados."
"112021",2022-01-25 09:40:43.000,Fundação Universidade Federal de São João Del Rei,UFSJ,342310,190125,,A UFSJ estava em trabalho remoto devido à Pandemia Covid-19
"112021",2022-01-26 19:12:05.000,Universidade Federal do Paraná,UFPR,1488520,965125,,A Universidade encontrava-se com atividades presenciais reduzidas em novembro de 2021.
"112021",2022-01-25 11:55:13.000,Fundação Coordenação de Aperfeiçoamento de Pessoal de Nível Superior,CAPES,202099,156983,,
"112021",2022-01-25 09:12:27.000,Universidade Federal da Paraíba,UFPB,1629382,895366,,Alertar que os valores referentes à novembro de 2021 estão abaixo do normal devido ao período de pandemia.
"112021",2022-01-28 13:06:01.000,"Instituto Federal de Educação, Ciência e Tecnologia do Espírito Santo",IFES,814371,539416,,"Alguns valores informados pelas sedes são aproximados, devido a isso as informações podem sofrer pequenas variações, tanto para mais quanto para menos."
"112021",2022-01-25 09:38:42.000,"Instituto Federal de Educação, Ciência e Tecnologia de Sergipe",IFS,337633,336180,,"Apesar do mês de novembro historicamente ser um mês com um dos maiores consumos de energia, entretanto foi verificado a redução acima da meta estabelecida pelo decreto 10.779 de 2021."
"112021",2022-01-31 18:42:34.000,Agência Nacional de Telecomunicações,ANATEL,503425,343852,,As informações se referem à sede da Anatel e 20 unidades descentralizadas.
"112021",2022-02-02 09:07:17.000,Universidade Federal de Goiás,UFG,1470375,1062651,,"Baseado nas UCs que a Universidade Federal de Goiás possui responsabilidade financeira em 2021, foram considerados essas UCs para os anos de 2018 e 2019. A redução do consumo de energia elétrica (kWh) obtida foi de 27,73%."
"112021",2022-01-31 10:11:33.000,"Instituto Federal de Educação, Ciência e Tecnologia Goiano",IF-GOIANO,436447,189622,,"Bom dia, seguem algumas considerações:
1 - São ao todo 14 localidades do IF Goiano, sendo que cada uma possui  uma ou mais contas de energia elétrica;
2 - Foram desprezadas as contas de energia de consumo menor;
3 - O consumo apresentado pela Enel, para as Unidades Consumidoras Grupo A que possuam energia solar, não consideram o quanto foi gerado, isto é, elas apresentam no resumo o consumo registrado e não o registrado menos o gerado;
4 - Desta forma, a redução de consumo se deve principalmente ao fato de o IF Goiano, em novembro de 2021, estar sem aulas presenciais e com grande parte dos servidores em trabalho remoto, e não à energia solar;
5 - Para maiores informações, entre em contato: daniel.accattini@ifgoiano.edu.br - (62) 98227-4276"
"112021",2022-01-26 08:24:13.000,Instituto Chico Mendes de Conservação da Biodiversidade,ICMBio,122780,68160,,"Como no período da pandemia tínhamos muito pouco trabalho presencial na sede do ICMBio, a média de consumo caiu consideravelmente."
"112021",2022-01-28 09:37:27.000,Ministério da Defesa,MD,222279,166463,,Consumo do mês de novembro 2021 observando redução média de consumo comparado com o mesmo mês dos anos de 2018 e 2019 de 25%.
"112021",2022-02-02 15:30:05.000,"Instituto Federal de Educação, Ciência e Tecnologia de Brasília",IFB,9615550,16367,,"Consumo inferior à média devido ao período pandêmico, que acarretou a suspensão de aulas presenciais e outras atividades."
"112021",2022-01-25 16:05:10.000,Agência Nacional de Energia Elétrica,ANEEL,217985,144554,,Consumo referente ao complexo predial ANEEL/ANP-DF.
"112021",2022-01-27 23:24:15.000,Fundação Universidade Federal de Mato Grosso do Sul,UFMS,1108907,598447,,"Consumo total no mês de Novembro/2018 = 1086064 kWh
Consumo total no mês de Novembro/2019 = 1131750 kWh

Consumo total no mês de Novembro/2021 = 598447 kWh

31 unidades consumidoras"
"112021",2022-01-31 16:47:12.000,Agência Nacional de Vigilância Sanitária,ANVISA,244,189,,"Dentre as ações, temos a instalação de interruptores nas salas, desligamento de elevadores em horário de menor movimento, instalação gradativa de lâmpadas Led em substituição a fluorescentes, desligamento dos sistemas de ar condicionado após as 18 horas, serviços de adequação na rede elétrica visando que os corredores contíguos às janelas permaneçam desligados durante o dia."
"112021",2022-01-25 09:31:38.000,Ministério de Minas e Energia,MME,226639,164668,,Economia de -27%
"112021",2022-01-31 23:58:35.000,Ministério da Economia,ME,9351417,6129750,,"Em atendimento as disposições contidas na Portaria SEGES/ME 14.584 de 13 de dezembro de 2021 informo que os dados apresentados para os meses de novembro de 2018, novembro de 2019 e novembro de 2021 são fornecidos pela Comissão Interna de Conservação de Energia do Ministério da Economia – CICE-ME com extração em 04 de março de 2022, às 18:33h. No âmbito do Ministério da Economia, a CICE-ME estabeleceu que serão objeto de monitoramento para fins do cumprimento do disposto no Decreto Nº 10.779/21, art. 4º e §§ 1º, 2º todos os prédios cujo pagamento da fatura de energia é realizado pelo Ministério da Economia. No dia 04/03/2022, constam 626 prédios na base de monitoramento. Cumpre salientar que o conjunto de dados apresentados é dinâmico e pode sofrer alterações assim como o conjunto de prédios que, dos dados consolidados, em novembro de 2021 representa 94,57% do total de prédios a serem monitorados."
"112021",2022-01-26 12:56:59.000,Superintendência de Seguros Privados,SUSEP,113683,70005,,"Em função da pandemia ocasionada pela COVID19, desde maio de 2020, as atividades presenciais nos estabelecimentos ocupados pela SUSEP foram reduzidas ao mínimo necessário, o que acarretou em uma redução drástica no consumo de energia elétrica."
"112021",2022-01-27 14:07:15.000,"Instituto Federal de Educação, Ciência e Tecnologia do Norte de Minas Gerais",IFNMG,162361,16645,,"Em razão da pandemia de COVID-19, foi determinado o trabalho remoto na instituição, nos anos de 2020 e 2021, decorrendo em uma economia de energia elétrica."
"112021",2022-01-27 17:26:12.000,"Instituto Federal de Educação, Ciência e Tecnologia de Roraima",IFRR,54880,10927,,esse consumo e referente ao IFRR/Campus Novo Paraiso.
"112021",2022-01-31 21:18:57.000,"Instituto Federal de Educação, Ciência e Tecnologia Fluminense",IFFLU,464484,110681,,Faltam informações de quatro de nossos campi que não enviaram os dados no tempo determinado
"112021",2022-01-25 22:05:00.000,Fundação Universidade Federal de Rondônia,UNIR,278731,245213,,foram somados todos os KW de todas as unidades consumidoras da UNIR que pertencem ao Estado de Rondônia.
"112021",2022-01-25 11:59:01.000,Instituto Brasileiro de Museus,IBRAM,37278,9031,,Houve redução de 03 pavimentos do Edifício Sede no mês de setembro de 2021 o que também impactou na redução.
"112021",2022-01-24 19:31:24.000,Fundação Escola Nacional de Administração Pública,Enap,348,179,,"Informo que a  média do consumo dos meses de Novembro de 2018 e Novembro de 2019, na verdade é  347,5 kWh."
"112021",2022-01-26 12:18:59.000,Fundação Universidade Federal de Ciências da Saúde de Porto Alegre,UFCSPA,180510,122665,,
"112021",2022-02-02 15:49:07.000,Instituto do Patrimônio Histórico e Artístico Nacional,IPHAN,307214,217063,,"Informo que foram:
= Consumo dos meses de Novembro de 2018 e Novembro de 2019 em Quilowatt-Hora (kWh): 307.213,83;
= Consumo de energia elétrica total do mês de Novembro de 2021 para o órgão todo, incluindo todas as sedes: 217.062,82.
Destaco ainda que não foi informado o consumo do IPHAN Paraíba, visto que até este momento o representante não encaminhou os dados solicitado, esperamos poder retificar com este dado."
"112021",2022-01-24 19:20:41.000,Universidade Federal de Santa Maria,UFSM,1641461,1023718,,Metas atendidas.
"112021",2022-02-02 20:52:42.000,Universidade da Integração Internacional da Lusofonia Afro-Brasileira,UNILAB,150120,73770,,"No ano de 2021, o consumo de energia elétrica em todas as unidades do órgão teve uma redução comparado aos anos de 2018 e 2019, em decorrência da adoção do sistema híbrido (trabalho remoto e presencial por escala) das ativides administrativas e atividades acadêmicas prioritariamente no modelo remoto."
"112021",2022-01-25 16:53:35.000,Universidade Federal do Triângulo Mineiro,UFTM,342196,190684,,No mês de Novembro a Universidade estava operando com 60% de trabalhos presenciais.
"112021",2022-01-26 14:34:32.000,Agência Nacional de Saúde Suplementar,ANS,243047,135462,,"No mês de novembro de 2021 a Instituição encontrava-se fechada para atendimentos presenciais em virtude do cenário criado pela Pandemia de Covid-19, restando apenas a equipe de infraestrutura no prédio da SEDE para realização de obras de melhoria."
"112021",2022-01-26 15:24:02.000,"Instituto Federal de Educação, Ciência e Tecnologia Farroupilha",IFFAR,73736,29585,,No mês de novembro de 2021 o Campus está apenas com as atividades essenciais.
"112021",2022-01-26 09:07:24.000,"Instituto Federal de Educação, Ciência e Tecnologia do Amazonas",IFAM,647267,426765,,"O consumo de novembro de 2021 ainda se apresenta inferior aos anos anteriores, pois as atividades presenciais (que demandam maior consumo de energia) retornaram parcialmente."
"112021",2022-01-31 11:40:13.000,"Instituto Federal de Educação, Ciência e Tecnologia do Rio Grande do Norte",IFRN,869486,279965,,"O IFRN possui 2.100 kWp de geradores solares fotovoltaicos para autoprodução de energia elétrica, cuja média de produção mensal é de 270.900 kWh.  Retorno das atividades presenciais em andamento, atualmente com 25% da população de alunos e servidores (professores/técnicos administrativos)."
"112021",2022-01-28 08:18:02.000,"Instituto Nacional de Metrologia, Qualidade e Tecnologia",INMETRO,1217056,974690,,"Os quantitativos informados referem-se ao consumo de energia elétrica pelo Inmetro em todos os imóveis em que órgão ocupou (2018/2019) e ocupa (2021), no estado do Rio de Janeiro."
"112021",2022-01-25 08:17:24.000,Universidade Federal de Catalão,UFCAT,101027,30509,,"Para o mês de novembro de 2021, informo que os campus 1 e 2 não estavam em funcionamento com 100% de sua capacidade devido a pandemia."
"112021",2022-01-25 15:42:06.000,Universidade Federal de Minas Gerais,UFMG,2989605,2051537,,Redução de 31% no consumo de energia elétrica.
"112021",2022-01-27 16:42:40.000,Fundação Nacional de Artes,FUNARTE,61744,28630,,"Redução de 53,63%."
"112021",2022-01-25 14:17:00.000,"Instituto Federal de Educação, Ciência e Tecnologia do Rio Grande do Sul",IFRS,335420,129844,,Redução de 61% no consumo de energia elétrica.
"112021",2022-01-25 12:33:54.000,"Instituto Federal de Educação, Ciência e Tecnologia Sudeste de Minas Gerais",IFMGSE,74711,44620,,"Redução no consumo deve-se à restrição das atividades presenciais devido à pandemia, a partir de março de 2020."
"112021",2022-01-27 14:29:36.000,"Instituto Federal de Educação, Ciência e Tecnologia do Ceará",IFCE,1168673,300679,,Ressalta-se que durante novembro de 2021 a instituição estava em regime de trabalho remoto e sem aulas na modalidade presencial.
"112021",2022-01-25 11:18:09.000,Universidade Federal do Delta do Parnaíba,UFDPar,205245,48033,,Saliento que a maior parte das atividades no mês de Novembro de 2021 estão ocorrendo na modalidade remota.
"112021",2022-01-25 13:59:22.000,Fundação Universidade Federal da Grande Dourados,UFGD,385817,130375,,Sem aulas presenciais na universidade.
"112021",2022-01-25 09:10:48.000,"Ministério da Agricultura, Pecuária e Abastecimento",MAPA,305011,269855,,Sem observações.
"112021",2022-01-24 19:39:08.000,Fundação Biblioteca Nacional,FBN,147048,68065,,
"112021",2022-01-25 15:48:18.000,Universidade Federal da Integração Latino-Americana,UNILA,82783,68480,,
"112021",2022-01-24 20:42:17.000,Universidade Federal da Bahia,UFBA,2206350,870229,,
"112021",2022-01-25 07:23:25.000,Universidade Federal de Uberlândia,UFU,1808447,984427,,
"112021",2022-02-01 15:28:57.000,"Instituto Federal de Educação, Ciência e Tecnologia de Santa Catarina",IFSC,506119,238655,,
"112021",2022-01-26 08:50:11.000,Universidade Federal do Rio de Janeiro,UFRJ,6103089,4193367,,
"112021",2022-01-25 09:09:19.000,Universidade Federal de Alagoas,UFAL,1204004,841000,,
"112021",2022-01-25 09:25:23.000,Ministério das Relações Exteriores,MRE,690272,554269,,
"112021",2022-01-25 09:35:58.000,Fundação Universidade Federal do ABC,UFABC,699403,371702,,
"112021",2022-01-25 09:36:37.000,Universidade Federal de Alfenas,UNIFAL-MG,282014,170307,,
"112021",2022-01-25 09:55:52.000,Conselho Administrativo de Defesa Econômica,CADE,80640,73120,,
"112021",2022-01-25 10:33:33.000,Fundação Universidade Federal de Roraima,UFRR,81410,48265,,
"112021",2022-01-28 15:27:09.000,Universidade Federal de Lavras,UFLA,589023,441004,,
"112021",2022-01-25 11:51:01.000,Ministério da Cidadania,MC,134960,105863,,
"112021",2022-01-25 11:17:43.000,Centro Federal de Educação Tecnológica - Celso Suckow da Fonseca,CEFET-RJ,381668,127598,,
"112021",2022-01-31 13:06:09.000,Agência Nacional do Cinema,ANCINE,83640,44309,,
"112021",2022-01-25 14:39:56.000,Colégio Pedro II,CP II,457429,130633,,
"112021",2022-01-25 14:57:44.000,"Instituto Federal de Educação, Ciência e Tecnologia Sul-Rio-Grandense",IFSul,265292,98030,,
"112021",2022-01-25 15:13:15.000,"Instituto Federal de Educação, Ciência e Tecnologia do Triângulo Mineiro",IFTM,211165,90447,,
"112021",2022-01-25 20:10:27.000,"Agência Nacional do Petróleo, Gás Natural e Biocombustíveis",ANP,92,68,,
"112021",2022-01-25 21:37:19.000,Instituto Brasileiro de Geografia e Estatística,IBGE,1044102,648816,,
"112021",2022-01-26 08:55:08.000,Agência Nacional de Aviação Civil,ANAC,226967,124910,,
"112021",2022-01-26 11:13:26.000,Ministério da Infraestrutura,MINFRA,487326,359195,,
"112021",2022-01-26 11:20:35.000,Universidade Federal de São Paulo,UNIFESP,1931296,1469388,,
"112021",2022-01-26 17:10:33.000,Universidade Federal de Itajubá,UNIFEI,299950,176400,,
"112021",2022-01-27 09:04:57.000,Comissão Nacional de Energia Nuclear,CNEN,1534278,1109549,,
"112021",2022-01-27 17:00:26.000,"Instituto Federal de Educação, Ciência e Tecnologia do Sul de Minas Gerais",IFSULDEMINAS,244146,111663,,
"112021",2022-01-27 17:11:19.000,Universidade Federal dos Vales do Jequitinhonha e Mucuri,UFVJM,331359,218144,,
"112021",2022-01-27 18:51:53.000,Comissão de Valores Mobiliários,CVM,61256,40547,,
"112021",2022-01-27 22:21:26.000,"Instituto Federal de Educação, Ciência e Tecnologia do Piauí",IFPI,842583,295834,,
"112021",2022-01-28 00:29:41.000,"Instituto Federal de Educação, Ciência e Tecnologia do Amapá",IFAP,27195,7980,,
"112021",2022-01-28 08:20:23.000,Fundação Universidade Federal do Rio Grande,FURG,539926,409187,,
"112021",2022-01-28 10:00:34.000,Universidade Federal do Cariri,UFCA,185292,77160,,
"112021",2022-01-28 15:38:09.000,Agência Nacional de Transportes Aquaviários,ANTAQ,11335,5994,,
"112021",2022-01-28 18:06:20.000,"Ministério da Mulher, da Família e dos Direitos Humanos",MMFDH,162882,136516,,
"112021",2022-01-31 08:18:08.000,Universidade Federal do Oeste da Bahia,UFOB,286608,115036,,
"112021",2022-01-31 09:35:29.000,Banco Central do Brasil,BCB,2655540,2003628,,
"112021",2022-01-31 10:03:12.000,Fundação Universidade de Brasília,UNB,2330222,1363732,,
"112021",2022-02-01 11:40:38.000,Instituto de Pesquisas Jardim Botânico do Rio de Janeiro,JBRJ,125628,105766,,
"112021",2022-02-01 09:55:23.000,Superintendência Nacional de Previdência Complementar,PREVIC,25021,16087,,
"112021",2022-02-02 11:11:52.000,Agência Nacional de Águas e Saneamento Básico,ANA,225461,194900,,
"122021",2022-02-21 17:12:45.000,Centro Federal de Educação Tecnológica - Celso Suckow da Fonseca -,CEFET-RJ,330566,141919,,
"122021",2022-02-21 17:23:27.000,Banco Central do Brasil,BCB,2783504,2152678,,
"122021",2022-02-21 17:41:55.000,"Instituto Federal de Educação, Ciência e Tecnologia de Roraima",IFRR,36119,11133,,Sem ressalva.
"122021",2022-02-21 17:52:54.000,Ministério das Relações Exteriores,MRE,626725,492629,,
"122021",2022-02-21 17:54:34.000,Fundação Escola Nacional de Administração Pública,Enap,497,202,,
"122021",2022-02-21 18:02:13.000,Universidade Federal da Bahia,UFBA,2117250,851686,,
"122021",2022-02-21 17:50:19.000,"Ministério da Mulher, da Família e dos Direitos Humanos",MMFDH,128674,101564,,
"122021",2022-02-22 08:48:56.000,"Instituto Federal de Educação, Ciência e Tecnologia de Brasília",IFB,12542,5552,,"Consumo baixo comparado ao mês de dezembro dos anos de 2018 e 2019, tendo em vista a pandemia do coronavírus e as atividades estarem acontecendo de forma remota tanto para estudantes quanto para os servidores."
"122021",2022-02-21 18:29:12.000,Universidade Federal do Rio Grande do Norte,UFRN,2826136,2042665,,
"122021",2022-02-22 08:16:25.000,"Instituto Federal de Educação, Ciência e Tecnologia do Triângulo Mineiro",IFTM,176255,77833,,
"122021",2022-02-22 08:34:53.000,Ministério de Minas e Energia,MME,194329,144667,,"Economia de 25,6% do consumo em dezembro de 2021 em relação a média do consumo dos mesmos meses de 2018 e 2019."
"122021",2022-02-22 08:58:10.000,"Instituto Federal de Educação, Ciência e Tecnologia do Sertão Pernambucano",IFSertaoPE,39484,8506,,
"122021",2022-02-22 10:11:23.000,Fundação Coordenação de Aperfeiçoamento de Pessoal de Nível Superior,CAPES,184338,182985,,"Informo que no mês de dezembro houve aumento no consumo de energia elétrica do edifício-sede da CAPES, devido a volta de reuniões presenciais com horários de termino depois do acordado para desligamento previsto para redução do consumo.  Obrigando com isso o uso excedente do chiller, equipamento responsável pelo ar condicionado. Operando com temperaturas mais baixas e mudança da iluminação para atendimento das referidas reuniões, também houve a necessidade de uso de maquinas pesadas para lavagem da areia externa da CAPES. 

Informamos ainda que o Arquivo Central da CAPES manteve o consumo estabelecido. 

Por estes motivos citados a cima, o consumo total da CAPES no mês de dezembro de 2021 ficou 0,2% abaixo da média dos consumos de 2018 e 2019, ficando 9,8% acima do limite de consumo da meta mínima estipulada pelo decreto.
"
"122021",2022-02-22 09:21:57.000,"Instituto Federal de Educação, Ciência e Tecnologia Farroupilha",IFFAR,31825,7568,,
"122021",2022-02-22 09:20:12.000,Universidade Federal dos Vales do Jequitinhonha e Mucuri,UFVJM,320895,219214,,
"122021",2022-02-22 09:19:16.000,Colégio Pedro II,CP II,474988,188560,,
"122021",2022-02-22 09:20:58.000,Agência Nacional de Aviação Civil,ANAC,237404,156561,,
"122021",2022-02-22 09:30:36.000,Fundação Universidade Federal do Maranhão,UFMA,1353909,692015,,"Observa-se que, para o mês de dezembro, o consumo de energia da UFMA no ano de 2021 representou uma redução de 48,89%  com relação a média de consumo dos anos de 2018 e 2019."
"122021",2022-02-22 09:47:49.000,Ministério da Infraestrutura,MINFRA,435493,338199,,
"122021",2022-02-22 09:48:25.000,Fundação Nacional de Saúde,FUNASA,40480,44439," Aumento da quantidade de funcionários que estavam em remoto e voltaram a trabalhar presencial, usando muitos computadores, elevador, e etc...
 ",
"122021",2022-02-22 10:07:06.000,Agência Nacional do Cinema,ANCINE,87892,69014,,
"122021",2022-02-23 16:48:17.000,"Instituto Federal de Educação, Ciência e Tecnologia do Acre",IFAC,23,19,,
"122021",2022-02-22 11:09:34.000,Fundação Universidade Federal de Ciências da Saúde de Porto Alegre,UFCSPA,195800,136130,,
"122021",2022-02-22 10:58:00.000,"Instituto Federal de Educação, Ciência e Tecnologia de Sergipe",IFS,290409,161593,,"Houve uma redução de 44,36% no consumo de energia elétrica do mês de Dezembro de 2021 em comparação com a média dos meses de Dezembro de 2018 e Dezembro de 2019."
"122021",2022-02-25 14:45:44.000,"Instituto Federal de Educação, Ciência e Tecnologia do Amapá",IFAP,69000,17360,,
"122021",2022-02-22 11:40:13.000,Agência Nacional de Energia Elétrica,ANEEL,213515,154747,,Consumo referente ao complexo predial ANEEL/ANP-DF.
"122021",2022-03-04 20:13:04.000,Ministério do Trabalho e Previdência,MTP,1359684,849071,,"Em atendimento as disposições contidas na Portaria SEGES/ME 14.584 de 13 de dezembro de 2021 informo que os dados apresentados para os meses de dezembro de 2018, dezembro de 2019 e dezembro de 2021 são fornecidos pela Comissão Interna de Conservação de Energia do Ministério do Trabalho e Previdência – CICE-MTP com extração em 04 de março de 2022, às 18:33h. No âmbito do Ministério do Trabalho e Previdência, a CICE-MTP estabeleceu que serão objeto de monitoramento para fins do cumprimento do disposto no Decreto Nº 10.779/21, art. 4º e §§ 1º, 2º todos os prédios cujo pagamento da fatura de energia é realizado pelo Ministério do Trabalho e Previdência. No dia 04/03/2022, constam 264 prédios na base de monitoramento. Cumpre salientar que o conjunto de dados apresentados é dinâmico e pode sofrer alterações assim como o conjunto de prédios que, dos dados consolidados, em dezembro de 2021 representa 82,58% do total de prédios a serem monitorados."
"122021",2022-02-22 11:49:36.000,Fundação Universidade Federal do Rio Grande,FURG,506114,383412,,
"122021",2022-02-22 11:58:26.000,Fundação Universidade Federal de Roraima,UFRR,60739,43578,,
"122021",2022-02-22 12:33:40.000,"Ministério da Ciência, Tecnologia e Inovações",MCTI,209075,212140,"Com o período de verão (maior consumo ar condicionado) e crescente retorno do corpo técnico para ocupação no trabalho presencial, forma gradual, conforme o avanço da vacinação COVID-19, acarretou num percentual de consumo relativamente igual ao período dos anos de 2018 e 2019.",
"122021",2022-02-22 12:59:59.000,Universidade Federal de Alagoas,UFAL,1189694,809668,,
"122021",2022-02-22 13:54:16.000,"Instituto Federal de Educação, Ciência e Tecnologia de Santa Catarina",IFSC,498548,266459,,
"122021",2022-03-03 19:38:20.000,Universidade Federal de Itajubá,UNIFEI,268800,195300,,
"122021",2022-02-22 13:27:16.000,Universidade Federal da Integração Latino-Americana,UNILA,118327,108888,,Houve retorno gradual das atividades administrativas.
"122021",2022-02-22 13:30:36.000,Universidade Federal de Lavras,UFLA,646649,485415,,
"122021",2022-02-22 14:13:46.000,Universidade Federal do Triângulo Mineiro,UFTM,289946,190753,,
"122021",2022-02-22 15:00:11.000,Fundação Universidade Federal de Pelotas,UFPel,611983,389882,,"O alto percentual de redução, de mais de 36%, é muito mais em função da adoção do trabalho remoto para os servidores e das aulas on-line, do que especificamente das ações específicas de redução de consumo de energia. Isto em função de que há mais de 15 anos a instituição já desenvolve um programa de eficiência energética na instituição, com ações administrativas, técnicas e de educação da comunidade universitária."
"122021",2022-02-22 15:31:53.000,Ministério da Justiça e Segurança Pública,MJSP,410375,405507,"Considerando os esforços nos meses de Janeiro à Dezembro, o Ministério Alcançou uma redução média de 14%. Com relação ao período de Junho, Julho, outubro novembro e dezembro de 2021, informa-se que a redução obtida foi devido o aumento do consumo de energia relacionado ao retorno gradual de servidores que ainda estavam em regime de teletrabalho, além da do alto consumo gerado pelo funcionamento dos aparelhos de climatização com portas e janelas das salas abertas, em atendimento as recomendações para controle da covid-19. Além disso, houve a instalação do Núcleo de Operação Centralizadas (NOC), no edifício Anexo II deste MJSP, para monitoramento dos equipamentos de TI; Aumento do número de capacitações no Batalhão Pronto Emprego (BEPE) da Força Nacional localizado no Gama/DF, por razão do incremento no número de servidores mobilizados e de ações de segurança pública; A instalação da equipe do Arquivo Central em uma nova área de mezanino construída no Anexo II deste Ministério, que significará a redução em aluguéis; E, devido a iluminação do Estacionamento da N2 (fazendinha) em todo o período noturno onde estão estacionadas viaturas oficiais. Por fim, ressalta-se que a edificação consta com cascatas cujo funcionamento consome uma grande parcela de energia elétrica e que não podem ser desligadas por se tratar de edifício tombado.",
"122021",2022-02-22 15:29:16.000,"Agência Nacional do Petróleo, Gás Natural e Biocombustíveis",ANP,87,71,,
"122021",2022-02-25 14:42:31.000,Instituto Brasileiro de Geografia e Estatística,IBGE,1046016,743170,,
"122021",2022-03-02 15:41:08.000,Universidade Federal de Juiz de Fora,UFJF,895865,577473,,
"122021",2022-02-22 15:54:29.000,Agência Nacional de Mineração,ANM,7529,5179,,A Agência Nacional de Mineração possui 29 unidades consumidoras em âmbito nacional. Foi realizada a média de consumo das 29 unidades para chegar ao valor final apresentado.
"122021",2022-02-22 16:25:39.000,Universidade Federal do Ceará,UFC,2466055,1784401,,"A redução observada, considera os efeitos da pandemia, em que foram implantados o teletrabalho e as
aulas remotas.
"
"122021",2022-02-22 16:27:18.000,Instituto Brasileiro de Museus,IBRAM,34934,10874,,
"122021",2022-02-22 17:03:07.000,"Instituto Federal de Educação, Ciência e Tecnologia do Piauí",IFPI,717405,203922,,"Por solicitação do setor de contabilidade, as faturas de dezembro foram emitidas de forma antecipada, com isso a concessionária fez com base na média dos últimos 12 meses."
"122021",2022-02-22 16:35:14.000,Universidade Federal de São Paulo,UNIFESP,1459803,1288114,,
"122021",2022-02-22 16:52:05.000,Agência Nacional de Vigilância Sanitária,ANVISA,249,207,,
"122021",2022-02-22 17:15:58.000,Universidade Federal do Oeste da Bahia,UFOB,254912,102157,,
"122021",2022-02-22 18:00:03.000,Instituto do Patrimônio Histórico e Artístico Nacional,IPHAN,311787,219409,,
"122021",2022-02-22 20:01:33.000,Superintendência do Desenvolvimento do Nordeste,SUDENE,48130,54160,Plano de ação para redução de consumo de energia elétrica ainda em andamento.,
"122021",2022-02-23 07:16:24.000,Universidade Federal de Uberlândia,UFU,1106951,652617,,
"122021",2022-02-23 09:50:50.000,Fundação Universidade Federal de Viçosa,UFV,1310400,960400,,"A instituição se encontrava no regime de aulas remotas, o que contribuiu para essa redução no consumo.
Além disso, entrou em operação no dia 10/08/2021 uma usina fotovoltaica que vem produzindo uma média
mensal de 37.834 kWh."
"122021",2022-02-25 09:55:11.000,Universidade Federal do Rio de Janeiro,UFRJ,6014059,4506754,,
"122021",2022-02-23 11:27:05.000,"Instituto Nacional de Metrologia, Qualidade e Tecnologia",INMETRO,1174658,957977,,"As informações referem-se a todos os imóveis ocupados pelo Inmetro, no estado do Rio de Janeiro, nos períodos de referência."
"122021",2022-02-23 16:19:39.000,Instituto de Pesquisas Jardim Botânico do Rio de Janeiro,JBRJ,139994,103432,,
"122021",2022-02-23 17:19:38.000,Universidade Federal do Delta do Parnaíba,UFDPar,137263,38772,,
"122021",2022-02-23 17:46:37.000,"Instituto Federal de Educação, Ciência e Tecnologia do Ceará",IFCE,963449,379897,,A Instituição durante o mês de dezembro de 2021 estava retornando ao trabalho presencial através de fases de transição.
"122021",2022-02-24 15:46:33.000,Agência Nacional de Transportes Aquaviários,ANTAQ,12203,6754,,"Dados referentes à ANTAQ-Sede (Brasília) e URERE, UREVT e URESV."
"122021",2022-02-24 15:53:42.000,Ministério da Educação,MEC,724592,572854,,"Edifícios do MEC incluídos no cálculo de consumo:
Edifício-Sede / Edifícios-Anexos I e II / Edifício Conselho Nacional de Educação - CNE / Edifício Garagem do MEC / Edifício Depósito do SIA / Edifício Cetremec.
Redução de consumo-médio de 20,94% para o mês de dezembro entre 2018/2019 e 2021."
"122021",2022-02-24 15:59:32.000,Fundo Nacional de Desenvolvimento da Educação,FNDE,215266,212067,"Conforme justificativas para os meses anteriores, o FNDE, passou a receber os servidores oriundos do Sede II (Ed. Elcy Meirelles), em virtude de devolução do imóvel ao proprietário. Os setores que ocupavam este prédio foram realocados dos SEDE e DEBRA. Portanto, houve um acréscimo de pessoas consumindo energia, que antes se utilizavam de outro prédio.",
"122021",2022-02-24 17:56:35.000,Fundação Nacional de Artes,FUNARTE,67370,39335,,"Redução de 41,61%."
"122021",2022-02-25 19:47:21.000,Agência Nacional de Telecomunicações,ANATEL,518006,386871,,
"122021",2022-02-24 19:31:51.000,Universidade Federal de Alfenas,UNIFAL-MG,253058,126841,,"Devido a pandemia do COVID 19, parte da universidade está em trabalho remoto."
"122021",2022-02-25 09:57:22.000,Universidade Federal Rural da Amazônia,UFRA,41929,20797,,
"122021",2022-02-23 16:59:44.000,Comissão de Valores Mobiliários,CVM,62472,59034,"A justificativa para o não atingimento da economia de ao menos 10% em dezembro, é que ficamos com uma margem bastante restrita para uma maior redução no consumo de energia, já que desde 2016?/2017 a CVM/RJ promoveu a substituição de mais de 90% de seu parque de iluminação, eliminando lâmpadas incandescentes, reatores e lâmpadas fluorescentes, o que resultou em uma significativa redução no consumo já a partir daquele período. Ao longo desses anos, o consumo já reduzido vem se mantendo em patamares estáveis, ressalvada a sazonalidade decorrente da utilização dos sistemas de climatização em maior ou menor grau. Com o início da pandemia e o afastamento dos servidores para o trabalho remoto, obtivemos uma significativa redução no consumo, decorrente do fechamento da maior parte dos andares ocupados pela Autarquia, limitados ao comparecimento eventual de alguns servidores e à manutenção dos essenciais serviços de manutenção, limpeza e vigilância. Em dezembro de 2021, com a expectativa de retorno às atividades presenciais a partir de 17 de janeiro de 2022, a Gerência de Manutenção e Administração Patrimonial (GEMAP) houve por bem promover o retorno de todas as equipes terceirizadas sob sua gestão, como laboratório para o retorno das atividades presenciais. No início de janeiro/2022, obtivemos os dados de consumo no mês de dezembro/2021, onde se observou uma redução de apenas 5% em relação à média do mesmo mês nos anos de 2018 e 2019. Essa discreta redução deveu-se principalmente a menor utilização de equipamentos instalados nas copas (menor uso de micro-ondas, purificadores de água e geladeiras) e no baixo uso de sanitários, que já contam com dispositivos temporizadores para iluminação. A partir de meados de janeiro/2022, com o avanço da nova variante da COVID-19 e de questões orçamentárias, a direção da Autarquia decidiu reverter o retorno às atividades presenciais programadas, estendendo o trabalho remoto dos servidores até posterior decisão. Assim, a GEMAP decidiu desmobilizar as equipes terceirizadas, retornando ao status de ocupação anterior a dezembro de 2021. Desse modo, pudemos neste curto período de experimentação, concluir que já estávamos quase no limite das possibilidades de redução de consumo de energia elétrica, tendo em vista as ações já tomadas há mais de 5 anos.",
"122021",2022-02-25 09:16:11.000,Fundação Universidade Federal de São João Del Rei,UFSJ,304417,211673,,"Trabalho Remoto devido a pandemia Covid-19. Foi inclusa uma nova despesa ref. a nova fazenda em sete lagoas, o que justificativa o aumento do padrão de consumo"
"122021",2022-02-26 11:18:06.000,Universidade Federal de Minas Gerais,UFMG,2996308,2125556,,"Redução de 29,06% no consumo de energia."
"122021",2022-02-27 21:59:59.000,"Instituto Federal de Educação, Ciência e Tecnologia do Rio Grande do Sul",IFRS,367821,161640,,
"122021",2022-02-28 13:16:51.000,"Instituto Federal de Educação, Ciência e Tecnologia do Sul de Minas Gerais",IFSULDEMINAS,226885,95353,,
"122021",2022-02-28 21:01:27.000,"Instituto Federal de Educação, Ciência e Tecnologia Fluminense",IFFLU,431042,129834,,Faltam informações de dois de nossos campi que não enviaram os dados no tempo determinado
"122021",2022-02-28 22:43:38.000,Fundação Biblioteca Nacional,FBN,158828,99861,,
"122021",2022-03-02 12:01:39.000,Universidade Federal do Cariri,UFCA,132155,84463,,
"122021",2022-03-02 13:38:39.000,"Instituto Federal de Educação, Ciência e Tecnologia Sudeste de Minas Gerais",IFMGSE,224754,131910,,
"122021",2022-03-03 09:31:53.000,Ministério da Defesa,MD,109601,63839,,"ECONOMIA DE 58,25% para o Ministério da Defesa Blocos Q e O."
"122021",2022-03-03 11:01:11.000,Universidade Federal da Paraíba,UFPB,1601654,910988,,Mês de dezembro de 2021 com consumo atípico devido à pandemia.
"122021",2022-03-03 12:40:40.000,Comissão Nacional de Energia Nuclear,CNEN,623353,542086,,
"122021",2022-03-03 15:02:33.000,"Instituto Federal de Educação, Ciência e Tecnologia Sul-Rio-Grandense",IFSul,20166,7086,,
"122021",2022-03-04 16:40:20.000,"Instituto Federal de Educação, Ciência e Tecnologia do Espírito Santo",IFES,767257,551358,," Alguns valores informados pelas sedes são aproximados, devido a isso as informações podem sofrer pequenas variações, tanto para mais quanto para menos.
"
"122021",2022-03-03 17:31:05.000,Fundação Universidade Federal do ABC,UFABC,652539,373396,,
"122021",2022-03-03 17:58:45.000,Advocacia-Geral da União,AGU,1230085,717206,,
"122021",2022-03-03 18:53:51.000,Fundação Universidade Federal de Mato Grosso do Sul,UFMS,998369,600840,,"Consumo total no mês de Dezembro/2018 = 1032789 kWh
Consumo total no mês de Dezembro/2019 = 963949 kWh
Consumo total no mês de Dezembro/2021 = 600840 kWh
31 unidades consumidoras
"
"122021",2022-03-04 13:07:42.000,Universidade Federal de Santa Maria,UFSM,1432730,1077634,,Meta atingida.
"122021",2022-03-04 14:17:07.000,Universidade Federal do Paraná,UFPR,1444,1102,,
"122021",2022-03-04 15:26:31.000,Universidade Federal do Rio Grande do Sul,UFRGS,2521902,1548729,,"Ainda em pandemia, muitos servidores continuaram em trabalho remoto e muitas aulas foram transmitidas online."
"122021",2022-03-04 17:56:51.000,Fundação Oswaldo Cruz,FIOCRUZ,11596572,14251473,"Repetimos o não atendimento total das metas de economia, uma vez que a partir de 2020, a Fundação Oswaldo Cruz (Fiocruz) deparou-se com o maior desafio em sua experiência na saúde pública, que foi o início da pandemia de Covid-19. A instituição não paralisou suas atividades em nenhum momento, pelo contrário, intensificou a atuação em laboratórios de pesquisa, atuou 24h nos complexos de produção de vacinas e fármacos e promoveu ações emergenciais de infraestrutura para cumprir seu papel junto à sociedade brasileira. 
Com isso, em 2020, a Fiocruz entregou três importantes construções nesse cenário:  o Centro Hospitalar para Pandemia de Covid-19 com capacidade para 200 leitos e 9,8 mil m2, a Unidade de Apoio ao Diagnóstico da Covid-19 no Rio de Janeiro com 2,2 mil m2 e a Unidade de Apoio ao Diagnóstico da Covid-19 no Ceará, também com 2,2 mil m2. Já em 2021 houve a entrega do Biobanco Covid-19, no Rio de Janeiro, que contempla 1,7 mil metros quadrados de construção e 8 mil metros quadrados de área urbanizada. Deu-se início, também, as obras das instalações da Fiocruz Mato Grosso do Sul. 
É importante salientar que durante 2020 e 2021 as unidades Fiocruz, inclusive as regionais, espalhadas pelo Brasil, intensificaram suas atividades diárias e promoveram novas iniciativas voltadas ao combate da pandemia, ações sendo incrementadas ate hoje.
","O aumento de casos do COVID, aumenta de sob maneira as ações intensificadas da FIOCRUZ, seja por maior numero de testagens, ações laboratoriais e
aumento na produção de vacinas, gerando maior gastos de energia."
"122021",2022-03-04 18:36:55.000,"Instituto Federal de Educação, Ciência e Tecnologia do Rio Grande do Norte",IFRN,874006,354415,,
"122021",2022-03-04 20:12:50.000,Ministério da Economia,ME,8869704,5735264,,"Em atendimento as disposições contidas na Portaria SEGES/ME 14.584 de 13 de dezembro de 2021 informo que os dados apresentados para os meses de dezembro de 2018, dezembro de 2019 e dezembro de 2021 são fornecidos pela Comissão Interna de Conservação de Energia do Ministério da Economia – CICE-ME com extração em 04 de março de 2022, às 18:33h. No âmbito do Ministério da Economia, a CICE-ME estabeleceu que serão objeto de monitoramento para fins do cumprimento do disposto no Decreto Nº 10.779/21, art. 4º e §§ 1º, 2º todos os prédios cujo pagamento da fatura de energia é realizado pelo Ministério da Economia. No dia 04/03/2022, constam 626 prédios na base de monitoramento. Cumpre salientar que o conjunto de dados apresentados é dinâmico e pode sofrer alterações assim como o conjunto de prédios que, dos dados consolidados, em dezembro de 2021 representa 81,79% do total de prédios a serem monitorados."
"122021",2022-03-04 20:12:49.000,Universidade Federal de Catalão,UFCAT,97927,25259,,
"092021",2022-02-08 10:41:02.000,Fundação Universidade Federal de Roraima,UFRR,77099,41662,,
"092021",2022-02-08 10:50:38.000,Universidade Federal Rural da Amazônia,UFRA,38578,22160,,A UFRA funcionou em trabalho híbrido a partir do segundo semestre de 2021.
"092021",2022-02-08 10:53:37.000,"Ministério da Mulher, da Família e dos Direitos Humanos",MMFDH,148600,135381,,
"092021",2022-02-08 11:13:48.000,Instituto do Patrimônio Histórico e Artístico Nacional,IPHAN,303787,213238,,
"092021",2022-02-08 11:34:04.000,"Instituto Federal de Educação, Ciência e Tecnologia do Ceará",IFCE,1082665,286274,,
"092021",2022-02-08 13:11:25.000,Ministério da Infraestrutura,MINFRA,439398,311544,,
"092021",2022-02-08 14:49:37.000,Instituto Chico Mendes de Conservação da Biodiversidade,ICMBio,86560,56720,,Em setembro de 2021 boa parte do efetivo do ICMBio ainda estava em Home Office.
"092021",2022-02-08 17:10:15.000,Instituto Nacional de Estudos e Pesquisas Educacionais Anísio Teixeira,INEP,332011,316411,"Instituto Nacional de Estudos e Pesquisas Educacionais Anísio Teixeira - INEP
O Instituto Nacional de Estudos e Pesquisas Educacionais Anísio Teixeira (Inep) é uma autarquia federal vinculada ao Ministério da Educação (MEC), cuja missão é promover estudos, pesquisas e avaliações sobre o Sistema Educacional Brasileiro com o objetivo de subsidiar a formulação e implementação de políticas públicas para a área educacional a partir de parâmetros de qualidade e eqüidade, bem como produzir informações claras e confiáveis aos gestores, pesquisadores, educadores e público em geral.
O orgão  possui uma sala cofre com carga total instalada de 200kW de potência , denominada sala cofre , onde todas as secretarias municipais e estaduais precisam acessar o sistema de educação controlado pelo  INEP , ou seja , o INEP possui uma sala cofre com equipamentos que não podem ser desligados em hipótese alguma e que são ventilados por 15 máquinas de ar condicionado de 15 a 40 kva de potencia.
Esta sala cofre consome cerca de 62% de toda energia consumida pelo INEP , de acordo com as nossas medidas de controle.",
"092021",2022-02-08 16:57:10.000,"Instituto Federal de Educação, Ciência e Tecnologia do Rio Grande do Sul",IFRS,319215,127137,,
"092021",2022-02-08 18:43:42.000,Fundo Nacional de Desenvolvimento da Educação,FNDE,226753,220576,"Foram considerados os gastos dos edifícios Sede e Debra deste FNDE, tendo em vista que o ed. Sede II foi devolvido ao proprietário em abril de 2021, acarretando um maior fluxo de pessoas no âmbito dos edifícios Sede e Debra.",
"092021",2022-02-09 08:22:54.000,Agência Nacional de Vigilância Sanitária,ANVISA,268,245,"Nossa economia em relação a média foi de 8,48%, próximo do estipulado, entretanto a medidas do decreto foram intensificadas nesse mês.",
"092021",2022-02-09 10:23:25.000,Fundação Universidade de Brasília,UNB,2195760,1218944,,
"092021",2022-02-10 09:14:26.000,Universidade Federal de Alfenas,UNIFAL-MG,235824,165874,,"Parte da universidade está em trabalho remoto, devido a pandemia."
"092021",2022-02-11 08:30:55.000,Universidade Federal do Rio de Janeiro,UFRJ,5465626,4102655,,
"092021",2022-02-11 12:56:13.000,"Instituto Federal de Educação, Ciência e Tecnologia de Brasília",IFB,23577,11379,,
"092021",2022-02-11 17:29:10.000,Fundação Universidade do Amazonas,UFAM,1593988,666192,,
"092021",2022-02-14 10:56:21.000,Comissão Nacional de Energia Nuclear,CNEN,1327139,1101973,,
"092021",2022-02-09 13:06:17.000,"Instituto Federal de Educação, Ciência e Tecnologia de Pernambuco",IFPE,2494496,15613851," 1: Nos anos de 2018 e 2019 o campus Jaboatão dos Guararapes funcionou em sede provisória com ambientes muito menores que a sede definitiva com muito menos equipamentos não sendo o seu consumo comparativo com os anos de 2021 e 2022.											
OBS 2: Até o mês de fevereiro de 2019 a conta contrato do campus considerava apenas um contador existente no campus, após muitas insistências da gestão a conta foi regularizada passando a vir a cobrança do real consumo.


*não existem dados para os anos de 2018 e 2019, uma vez que o Campus Palmares ainda está em sede provisória nas dependências da FAMASUL, compartilhando com esta não só a estrutura física, mas também o consumo de água e energia elétrica. Neste sentido, a apresentação das referidas contas de energia, que diga-se estão em nome da AEMASUL, não farão jus a realidade de consumo deste Campus.									


*não existem dados para os meses de janeiro a abril de 2018, uma vez que o consumo da Reitoria estava incluído na fatura do Condomínio SUDENE.	

*O Campus só passou a ter sua ligação de energia com a titularidade do IFPE a partir de novembro de 2019, antes a ligação de energia era de forma provisória de responsabilidade da Empresa JME Engenharia, responsável pela obra de construção da sede do Campus Abreu e Lima;	

No exercício de 2018 e 2019 as atividades do IFPE Campus Igarassu foram desenvolvidas dentro de uma sede provisória de aproximadamente 2.000m² de área construída. Em 2021, o Campus Igarassu iniciou as atividades administrativas e acadêmicas dentro da sede provisória até que houve a mudança para sua sede definitiva de aproximadamente 6.500m² de área construída em março de 2021. 
No primeiro semestre de 2021 as atividades administrativas e acadêmicas foram desenvolvidas em grande parte através do trabalho remoto de seus servidores e o consumo de energia elétrica foi pago pela construtora que ainda executa a obra em sua fase final. A partir do segundo semestre as aulas permanecem acontecendo à distância, mas podendo acontecer algumas aulas e atividades práticas por meio de agendamento de uso do espaço e o consumo da energia elétrica a partir do mês de agosto passou a ser pago pelo Campus Igarassu que tem uma estimativa de R$ 8.000,00 mensais. 
Para o exercício de 2022 pretende-se retornar com as aulas de forma presencial, bem como o retorno total das atividades presencial na instituição. Sendo assim, considerando a área e a necessidade de crescimento da instituição a previsão é de aumento no consumo de energia no ano de 2021 e 2022 em relação a anos anteriores.																					
								"," 1: Nos anos de 2018 e 2019 o campus Jaboatão dos Guararapes funcionou em sede provisória com ambientes muito menores que a sede definitiva com muito menos equipamentos não sendo o seu consumo comparativo com os anos de 2021 e 2022.											
OBS 2: Até o mês de fevereiro de 2019 a conta contrato do campus considerava apenas um contador existente no campus, após muitas insistências da gestão a conta foi regularizada passando a vir a cobrança do real consumo.


*não existem dados para os anos de 2018 e 2019, uma vez que o Campus Palmares ainda está em sede provisória nas dependências da FAMASUL, compartilhando com esta não só a estrutura física, mas também o consumo de água e energia elétrica. Neste sentido, a apresentação das referidas contas de energia, que diga-se estão em nome da AEMASUL, não farão jus a realidade de consumo deste Campus.									


*não existem dados para os meses de janeiro a abril de 2018, uma vez que o consumo da Reitoria estava incluído na fatura do Condomínio SUDENE.	

*O Campus só passou a ter sua ligação de energia com a titularidade do IFPE a partir de novembro de 2019, antes a ligação de energia era de forma provisória de responsabilidade da Empresa JME Engenharia, responsável pela obra de construção da sede do Campus Abreu e Lima;	

No exercício de 2018 e 2019 as atividades do IFPE Campus Igarassu foram desenvolvidas dentro de uma sede provisória de aproximadamente 2.000m² de área construída. Em 2021, o Campus Igarassu iniciou as atividades administrativas e acadêmicas dentro da sede provisória até que houve a mudança para sua sede definitiva de aproximadamente 6.500m² de área construída em março de 2021. 
No primeiro semestre de 2021 as atividades administrativas e acadêmicas foram desenvolvidas em grande parte através do trabalho remoto de seus servidores e o consumo de energia elétrica foi pago pela construtora que ainda executa a obra em sua fase final. A partir do segundo semestre as aulas permanecem acontecendo à distância, mas podendo acontecer algumas aulas e atividades práticas por meio de agendamento de uso do espaço e o consumo da energia elétrica a partir do mês de agosto passou a ser pago pelo Campus Igarassu que tem uma estimativa de R$ 8.000,00 mensais. 
Para o exercício de 2022 pretende-se retornar com as aulas de forma presencial, bem como o retorno total das atividades presencial na instituição. Sendo assim, considerando a área e a necessidade de crescimento da instituição a previsão é de aumento no consumo de energia no ano de 2021 e 2022 em relação a anos anteriores.																					
								"
"092021",2022-02-10 17:52:35.000,Universidade Federal do Delta do Parnaíba,UFDPar,189243,57183,,Redução significativa do consumo de energia elétrica pós instalação dos painéis solares para de geração de energia.
"092021",2022-02-12 08:08:06.000,Universidade Federal de Lavras,UFLA,650787,488190,,
"092021",2022-02-14 11:50:43.000,Instituto de Pesquisas Jardim Botânico do Rio de Janeiro,JBRJ,114312,100940,,
"092021",2022-02-15 15:47:46.000,"Instituto Federal de Educação, Ciência e Tecnologia do Norte de Minas Gerais",IFNMG,27088,16816,,
"092021",2022-02-14 08:24:30.000,Instituto de Pesquisa Econômica Aplicada,IPEA,3756,0,,O consumo informado dos meses de setembro 2018 a setembro 2019 referem-se unicamente a unidade Rio de Janeiro (Edifícios De Paoli e Antonio Carlos).  A unidade Rio de Janeiro a partir de 2021 recebeu a cessão de uso de alguns andares no prédio do banco central e não há divisão dos valores de consumo de energia. O Ipea Brasília no período de 2018 e 2019 ocupava o prédio do BNDE e os valores de energia eram incluídos no valor do condomínio.
"092021",2022-02-14 09:48:38.000,Universidade Federal do Oeste do Pará,UFOPA,34344,26712,,"A economia de 10% foi atingida e a Ufopa está implementado o sistema fotovoltaico, iniciou no campus sede (Campus Santarém) e estará estendendo para os demais 6 campi que possui."
"092021",2022-02-14 10:01:05.000,Universidade da Integração Internacional da Lusofonia Afro-Brasileira,UNILAB,147077,65934,,"O consumo de energia no mês de setembro de 2021, comparado a setembro de 2018 e 2019 teve uma redução devido à suspensão das atividades acadêmicas presenciais e à adoção do regime de trabalho remoto em decorrência da situação de calamidade pública provocada pela pandemia de COVID-19. "
"092021",2022-02-14 17:46:02.000,"Ministério da Ciência, Tecnologia e Inovações",MCTI,216970,196061,,"MCTI Sede, Bloco E, Esplanada dos Ministérios – Brasília/DF
Em nosso prédio temos a iluminação moderna (led’s) e sistema de elevadores novos com baixo consumo, ar condicionados são Split Inverter. Podemos notar que tivemos quase 10% de economia no mês de set/2021 no qual boa parte do corpo técnico do MCTI estava em teletrabalho.
"
"092021",2022-02-17 11:21:48.000,Presidência da República,PR,879518,812177,"O consumo de energia realizado em setembro de 2021 é referente ao período de leitura de 01/08/2021 a 01/09/2021. O Decreto nº 10.779 foi publicado em 25/08/2021, praticamente no final do período do consumo de energia em questão. Dessa forma podemos comprovar que as ações já em andamento produziram uma redução de 8% nesse período (redução de 67.341 kWh). Tal resultado foi motivado por ações que já vinham sendo implantadas para a redução do consumo de energia das edificações, tais como substituição de lâmpadas por LED, bem como manutenções corretivas e manutenções preventivas em equipamentos de ar condicionado.",
"092021",2022-02-17 17:03:54.000,Conselho Nacional de Desenvolvimento Científico e Tecnológico,CNPq,242877,165978,,"Análise de consumo de energia elétrica considerando os valores mensais FORA PONTA (225.404 KWH) e PONTA (17.474 KWH). Considerou-se também apenas o edifício sede do CNPq, localizado na SHIS QI 01 do lago sul, única edificação sob responsabilidade do Conselho em setembro de 2021. Outro imóvel de propriedade do CNPq, encontrava-se desocupado e cedido ao MCTI no período."
"092021",2022-02-17 17:14:38.000,Fundação Oswaldo Cruz,FIOCRUZ,10726109,12977305,"Justifica-se o não atendimento total das metas de economia, uma vez que a partir de 2020, a Fundação Oswaldo Cruz (Fiocruz) deparou-se com o maior desafio em sua experiência na saúde pública, que foi o início da pandemia de Covid-19. A instituição não paralisou suas atividades em nenhum momento, pelo contrário, intensificou a atuação em laboratórios de pesquisa, atuou 24h nos complexos de produção de vacinas e fármacos e promoveu ações emergenciais de infraestrutura para cumprir seu papel junto à sociedade brasileira. 
Com isso, em 2020, a Fiocruz entregou três importantes construções nesse cenário:  o Centro Hospitalar para Pandemia de Covid-19 com capacidade para 200 leitos e 9,8 mil m2, a Unidade de Apoio ao Diagnóstico da Covid-19 no Rio de Janeiro com 2,2 mil m2 e a Unidade de Apoio ao Diagnóstico da Covid-19 no Ceará, também com 2,2 mil m2. Já em 2021 houve a entrega do Biobanco Covid-19, no Rio de Janeiro, que contempla 1,7 mil metros quadrados de construção e 8 mil metros quadrados de área urbanizada. Deu-se início, também, as obras das instalações da Fiocruz Mato Grosso do Sul. 
É importante salientar que durante 2020 e 2021 as unidades Fiocruz, inclusive as regionais, espalhadas pelo Brasil, intensificaram suas atividades diárias e promoveram novas iniciativas voltadas ao combate da pandemia, ações essas sendo incrementadas ate hoje.


",
"092021",2022-02-17 17:15:26.000,"Instituto Federal de Educação, Ciência e Tecnologia do Sertão Pernambucano",IFSertaoPE,29609,7157,,
"092021",2022-02-22 15:57:59.000,Agência Nacional de Mineração,ANM,8795,4748,,A Agência Nacional de Mineração possuí 29 unidades consumidoras em âmbito nacional. Para chegar ao valor final foi calculada a média das 29 unidades.
"092021",2022-02-25 14:41:11.000,Universidade Federal do Norte do Tocantins,UFNT,24446,12645,,Pandemia
"092021",2022-03-02 15:36:42.000,Universidade Federal de Juiz de Fora,UFJF,873971,561331,,
"102021",2022-02-08 10:41:02.000,Fundação Universidade Federal de Roraima,UFRR,87491,42198,,
"102021",2022-02-08 10:50:38.000,Universidade Federal Rural da Amazônia,UFRA,42110,22807,,
"102021",2022-02-08 10:53:37.000,"Ministério da Mulher, da Família e dos Direitos Humanos",MMFDH,258256,138936,,
"102021",2022-02-08 11:13:48.000,Instituto do Patrimônio Histórico e Artístico Nacional,IPHAN,319072,217621,,
"102021",2022-02-08 11:34:04.000,"Instituto Federal de Educação, Ciência e Tecnologia do Ceará",IFCE,1091128,294824,,
"102021",2022-02-08 13:11:25.000,Ministério da Infraestrutura,MINFRA,504926,353662,,
"102021",2022-02-08 14:49:37.000,Instituto Chico Mendes de Conservação da Biodiversidade,ICMBio,93640,72960,,Em outubro de 2021 uma grande parte do efetivo do ICMBio ainda estava em home office.
"102021",2022-02-08 17:10:15.000,Instituto Nacional de Estudos e Pesquisas Educacionais Anísio Teixeira,INEP,355776,327761,"O INEP é uma autarquia Publica que possui uma sala cofre com carga total instalada de 200kW de potência , denominada sala cofre , aonde todas as secretarias municipais e estaduais precisam acessar o sistema de educação controlado pelo  INEP , ou seja , o INEP possui uma sala cofre com equipamentos que não podem ser desligados em hipótese alguma e que são ventilados por 15 máquinas de ar condicionado de 15 a 40 kva de potencia.
Esta sala cofre consome cerca de 67% de toda energia consumida pelo INEP , de acordo com as nossas medidas de controle .",
"102021",2022-02-08 16:57:10.000,"Instituto Federal de Educação, Ciência e Tecnologia do Rio Grande do Sul",IFRS,326717,122675,,
"102021",2022-02-08 18:43:42.000,Fundo Nacional de Desenvolvimento da Educação,FNDE,219064,204211,"Foram considerados os gastos dos edifícios Sede e Debra deste FNDE, tendo em vista que o ed. Sede II foi devolvido ao proprietário em abril de 2021, acarretando um maior fluxo de pessoas no âmbito dos edifícios Sede e Debra.",
"102021",2022-02-09 08:22:54.000,Agência Nacional de Vigilância Sanitária,ANVISA,293,200,,
"102021",2022-02-09 10:23:25.000,Fundação Universidade de Brasília,UNB,2217823,1326743,,
"102021",2022-02-10 09:14:26.000,Universidade Federal de Alfenas,UNIFAL-MG,262956,157879,,Parte da universidade esá em trabalho remoto devido a pandemia.
"102021",2022-02-11 08:30:55.000,Universidade Federal do Rio de Janeiro,UFRJ,5935681,4030608,,
"102021",2022-02-11 12:56:13.000,"Instituto Federal de Educação, Ciência e Tecnologia de Brasília",IFB,26932,11537,,
"102021",2022-02-11 17:29:10.000,Fundação Universidade do Amazonas,UFAM,1676888,684872,,
"102021",2022-02-14 10:56:21.000,Comissão Nacional de Energia Nuclear,CNEN,1418280,1093407,,
"102021",2022-02-09 13:06:17.000,"Instituto Federal de Educação, Ciência e Tecnologia de Pernambuco",IFPE,2762544,12566751," 1: Nos anos de 2018 e 2019 o campus Jaboatão dos Guararapes funcionou em sede provisória com ambientes muito menores que a sede definitiva com muito menos equipamentos não sendo o seu consumo comparativo com os anos de 2021 e 2022.											
OBS 2: Até o mês de fevereiro de 2019 a conta contrato do campus considerava apenas um contador existente no campus, após muitas insistencias da gestão a conta foi regularizada passando a vir a cobrança do real consumo.


*não existem dados para os anos de 2018 e 2019, uma vez que o Campus Palmares ainda está em sede provisória nas dependências da FAMASUL, compartilhando com esta não só a estrutura física, mas também o consumo de água e energia elétrica. Neste sentido, a apresentação das referidas contas de energia, que diga-se estão em nome da AEMASUL, não farão jus a realidade de consumo deste Campus.									


*não existem dados para os meses de janeiro a abril de 2018, uma vez que o consumo da Reitoria estava incluído na fatura do Condomínio SUDENE.	

*O Campus só passou a ter sua ligação de energia com a titularidade do IFPE a partir de novembro de 2019, antes a ligação de energia era de forma provisória de responsabilidade da Empresa JME Engenharia, responsável pela obra de construção da sede do Campus Abreu e Lima;	

No exercício de 2018 e 2019 as atividades do IFPE Campus Igarassu foram desenvolvidas dentro de uma sede provisória de aproximadamente 2.000m² de área construída. Em 2021, o Campus Igarassu iniciou as atividades administrativas e acadêmicas dentro da sede provisória até que houve a mudança para sua sede definitiva de aproximadamente 6.500m² de área construída em março de 2021. 
No primeiro semestre de 2021 as atividades administrativas e acadêmicas foram desenvolvidas em grande parte através do trabalho remoto de seus servidores e o consumo de energia elétrica foi pago pela construtora que ainda executa a obra em sua fase final. A partir do segundo semestre as aulas permanecem acontecendo à distância, mas podendo acontecer algumas aulas e atividades práticas por meio de agendamento de uso do espaço e o consumo da energia elétrica a partir do mês de agosto passou a ser pago pelo Campus Igarassu que tem uma estimativa de R$ 8.000,00 mensais. 
Para o exercício de 2022 pretende-se retornar com as aulas de forma presencial, bem como o retorno total das atividades presencial na instituição. Sendo assim, considerando a área e a necessidade de crescimento da instituição a previsão é de aumento no consumo de energia no ano de 2021 e 2022 em relação a anos anteriores.		
Contrato iniciado em 15/10/2019, não há histórico de consumo para os anos de 2018 e 2019 - Campus Cabo de santo Agostinho.


1) O campus mudou para atual sede em abril/2019. No prédio 
anterior as faturas eram pagas pela prefeitura de Olinda, não tendo
nós acesso às faturas. Por esta razão adotamos a média de consumo 
de 6000kWh como média para 2018.
"," 1: Nos anos de 2018 e 2019 o campus Jaboatão dos Guararapes funcionou em sede provisória com ambientes muito menores que a sede definitiva com muito menos equipamentos não sendo o seu consumo comparativo com os anos de 2021 e 2022.											
OBS 2: Até o mês de fevereiro de 2019 a conta contrato do campus considerava apenas um contador existente no campus, após muitas insistencias da gestão a conta foi regularizada passando a vir a cobrança do real consumo.


*não existem dados para os anos de 2018 e 2019, uma vez que o Campus Palmares ainda está em sede provisória nas dependências da FAMASUL, compartilhando com esta não só a estrutura física, mas também o consumo de água e energia elétrica. Neste sentido, a apresentação das referidas contas de energia, que diga-se estão em nome da AEMASUL, não farão jus a realidade de consumo deste Campus.									


*não existem dados para os meses de janeiro a abril de 2018, uma vez que o consumo da Reitoria estava incluído na fatura do Condomínio SUDENE.	

*O Campus só passou a ter sua ligação de energia com a titularidade do IFPE a partir de novembro de 2019, antes a ligação de energia era de forma provisória de responsabilidade da Empresa JME Engenharia, responsável pela obra de construção da sede do Campus Abreu e Lima;	

No exercício de 2018 e 2019 as atividades do IFPE Campus Igarassu foram desenvolvidas dentro de uma sede provisória de aproximadamente 2.000m² de área construída. Em 2021, o Campus Igarassu iniciou as atividades administrativas e acadêmicas dentro da sede provisória até que houve a mudança para sua sede definitiva de aproximadamente 6.500m² de área construída em março de 2021. 
No primeiro semestre de 2021 as atividades administrativas e acadêmicas foram desenvolvidas em grande parte através do trabalho remoto de seus servidores e o consumo de energia elétrica foi pago pela construtora que ainda executa a obra em sua fase final. A partir do segundo semestre as aulas permanecem acontecendo à distância, mas podendo acontecer algumas aulas e atividades práticas por meio de agendamento de uso do espaço e o consumo da energia elétrica a partir do mês de agosto passou a ser pago pelo Campus Igarassu que tem uma estimativa de R$ 8.000,00 mensais. 
Para o exercício de 2022 pretende-se retornar com as aulas de forma presencial, bem como o retorno total das atividades presencial na instituição. Sendo assim, considerando a área e a necessidade de crescimento da instituição a previsão é de aumento no consumo de energia no ano de 2021 e 2022 em relação a anos anteriores.																					
								"
"102021",2022-02-10 17:52:35.000,Universidade Federal do Delta do Parnaíba,UFDPar,187903,60456,,Redução do consumo após instalação dos painéis solares para geração de energia.
"102021",2022-02-12 08:08:06.000,Universidade Federal de Lavras,UFLA,652942,487201,,"Os valores referentes ao mês de novembro foram lançados errados e por isso solicito a correção.

Valores corretos:
Média do consumo de energia de nov/2018 a nov/2019 = 655.225,0 kWh
Consumo de energia elétrica total do mês de novembro de 2021 = 485.094,0 kWh
"
"102021",2022-02-14 11:50:43.000,Instituto de Pesquisas Jardim Botânico do Rio de Janeiro,JBRJ,130082,99877,,
"102021",2022-02-15 15:47:46.000,"Instituto Federal de Educação, Ciência e Tecnologia do Norte de Minas Gerais",IFNMG,36095,27938,,
"102021",2022-02-14 08:24:30.000,Instituto de Pesquisa Econômica Aplicada,IPEA,3750,0,,"O valor informado de consumo dos meses de outubro 2018 e 2019 referem-se ao Ipea Rio de Janeiro (Edifícios De Paoli, Antonio Carlos). A partir de 2021 o Ipea Rio de Janeiro recebeu a cessão de alguns andares no edifício do Banco Central com divisão de alguns custos. Não há possibilidade de definir os quantitativos específicos do Ipea Rio. O Ipea Brasília ocupou até janeiro de 2022 o edifício BNDE e o valor de energia estava dentro do valor de condomínio."
"102021",2022-02-14 09:48:38.000,Universidade Federal do Oeste do Pará,UFOPA,34752,25840,,"A economia de 10% foi atingida e a Ufopa está implementado o sistema fotovoltaico, iniciou no campus sede (Campus Santarém) e estará estendendo para os demais 6 campi que possui."
"102021",2022-02-14 10:01:05.000,Universidade da Integração Internacional da Lusofonia Afro-Brasileira,UNILAB,127492,60144,,"O consumo de energia no período de outubro de 2021 teve uma redução em relação ao consumo de 2018 e 2019, devido à suspensão das atividades acadêmicas e adoção do regime de trabalho remoto dos servidores, em decorrência da situação de calamidade pública provocada pela pandemia de COVID-19."
"102021",2022-02-14 17:46:02.000,"Ministério da Ciência, Tecnologia e Inovações",MCTI,244740,235069,,"MCTI Sede, Bloco E, Esplanada dos Ministérios – Brasília/DF
Em nosso prédio temos a iluminação moderna (led’s) e sistema de elevadores novos com baixo consumo, ar condicionados são Split Inverter. Podemos notar que tivemos 3,95 % de economia no mês de out/2021 no qual boa parte do corpo técnico do MCTI estava em teletrabalho."
"102021",2022-02-17 11:21:48.000,Presidência da República,PR,947124,911972,"No período de consumo referente ao mês de outubro (leitura de 01/09/2021 a 01/10/2021) e novembro (leitura de 01/10/2021 a 01/11/2021), deu-se continuidade aos projetos em andamento que se alinha com às ações relacionadas ao Decreto nº 10.779, tais como incremento da substituição de lâmpadas por LED, redução da iluminação em áreas de estacionamentos, antecipação do horário de desligamento da climatização dos corredores nos Anexos do Palácio do Planalto e reforço da orientação aos plantonistas para o desligamento da iluminação que não estiver em uso. 
Historicamente, o consumo de energia nesse mês aumenta com a maior utilização do sistema de climatização, devido à elevação da temperatura ambiente, típica desse período em Brasília.
Concomitantemente, nesse período, foi concluída a obra do novo galpão do GSI, com o novo simulador Firearm Training Systems FATS 180LE, o que acabou por representar novo consumo de energia nessa edificação, anteriormente inexistente. 
A partir do segundo semestre de 2021 com a finalização da reforma geral efetuada no Pavilhão das Metas, iniciou-se a reocupação dos ambientes pelos servidores. Desta forma juntamente com a chegada dos servidores iniciou-se a utilização dos novos equipamentos de climatização e de iluminação, o que por sua vez elevou o consumo de energia elétrica naquela edificação.
Entretanto, mesmo com as novas cargas e elevação do consumo no sistema de climatização citado, as ações implantadas nos sistemas, como substituição de lâmpadas por LED, redução na utilização de iluminação em áreas de baixa ocupação e utilização consciente do ar condicionado, permitiram a redução do consumo total das edificações sob responsabilidade da PR em 4% (redução de 35.152 kWh) em outubro e de 5% (redução de 51.719 kWh) em novembro de 2021.
",
"102021",2022-02-17 17:03:54.000,Conselho Nacional de Desenvolvimento Científico e Tecnológico,CNPq,256707,204438,,"Análise de consumo de energia elétrica considerando os valores mensais FORA PONTA (239.502 KWH) e PONTA (17.205 KWH). Considerou-se também apenas o edifício sede do CNPq, localizado na SHIS QI 01 do lago sul, única edificação sob responsabilidade do Conselho em setembro de 2021. Outro imóvel de propriedade do CNPq, encontrava-se desocupado e cedido ao MCTI no período."
"102021",2022-02-17 17:14:38.000,Fundação Oswaldo Cruz,FIOCRUZ,12150529,14309067,"Justifica-se o não atendimento total das metas de economia, uma vez que a partir de 2020, a Fundação Oswaldo Cruz (Fiocruz) deparou-se com o maior desafio em sua experiência na saúde pública, que foi o início da pandemia de Covid-19. A instituição não paralisou suas atividades em nenhum momento, pelo contrário, intensificou a atuação em laboratórios de pesquisa, atuou 24h nos complexos de produção de vacinas e fármacos e promoveu ações emergenciais de infraestrutura para cumprir seu papel junto à sociedade brasileira. 
Com isso, em 2020, a Fiocruz entregou três importantes construções nesse cenário:  o Centro Hospitalar para Pandemia de Covid-19 com capacidade para 200 leitos e 9,8 mil m2, a Unidade de Apoio ao Diagnóstico da Covid-19 no Rio de Janeiro com 2,2 mil m2 e a Unidade de Apoio ao Diagnóstico da Covid-19 no Ceará, também com 2,2 mil m2. Já em 2021 houve a entrega do Biobanco Covid-19, no Rio de Janeiro, que contempla 1,7 mil metros quadrados de construção e 8 mil metros quadrados de área urbanizada. Deu-se início, também, as obras das instalações da Fiocruz Mato Grosso do Sul. 
É importante salientar que durante 2020 e 2021 as unidades Fiocruz, inclusive as regionais, espalhadas pelo Brasil, intensificaram suas atividades diárias e promoveram novas iniciativas voltadas ao combate da pandemia, ações essas sendo incrementadas ate hoje.

Atenciosamente,
",
"102021",2022-02-17 17:15:26.000,"Instituto Federal de Educação, Ciência e Tecnologia do Sertão Pernambucano",IFSertaoPE,37554,8187,,
"102021",2022-02-22 15:57:59.000,Agência Nacional de Mineração,ANM,8734,4768,,A Agência Nacional de Mineração possuí 29 unidades consumidoras em âmbito nacional. Para chegar ao valor final foi calculada a média das 29 unidades.
"102021",2022-02-25 14:41:11.000,Universidade Federal do Norte do Tocantins,UFNT,28482,12877,,
"102021",2022-03-02 15:36:42.000,Universidade Federal de Juiz de Fora,UFJF,968375,570688,,
"112021",2022-02-09 20:31:25.000,Superintendência do Desenvolvimento do Nordeste,SUDENE,50104,53632,Plano de ação de racionalização de economia de energia elétrica ainda em andamento.,
"112021",2022-02-08 17:48:48.000,Ministério do Meio Ambiente,MMA,297448,234,,"Houve uma economia de consumo de energia elétrica para o mês de novembro de 2021 de 21,16% em relação à média dos anos de 2018 e 2019 para o mesmo mês."
"112021",2022-02-09 09:08:03.000,Universidade Federal do Rio Grande do Sul,UFRGS,2459139,2044191,,"Devido à pandemia, muitos servidores estavam em trabalho remoto e muitos alunos estavam em aulas online."
"112021",2022-02-09 12:37:29.000,Ministério da Educação,MEC,687847,616971,,"Edifícios do MEC incluídos no cálculo de consumo:
Edifício-Sede
Edifícios-Anexos I e II
Edifício Conselho Nacional de Educação - CNE
Edifício Garagem do MEC
Edifício Depósito do SIA
Edifício Cetremec
"
"112021",2022-02-14 11:44:21.000,Instituto Nacional de Estudos e Pesquisas Educacionais Anísio Teixeira,INEP,369882,334542," O INEP é uma autarquia Publica que possui uma sala cofre com carga total instalada de 200kW de
potência , denominada sala cofre , aonde todas as secretarias municipais e estaduais precisam acessar o
sistema de educação controlado pelo INEP , ou seja , o INEP possui uma sala cofre com equipamentos
que não podem ser desligados em hipótese alguma e que são ventilados por 15 máquinas de ar
condicionado de 15 a 40 kva de potencia.
Esta sala cofre consome cerca de 67% de toda energia consumida pelo INEP , de acordo com as nossas
medidas de controle ",
"112021",2022-02-09 14:16:31.000,Universidade Federal do Rio Grande do Norte,UFRN,3197323,2088791,,
"112021",2022-02-09 14:37:43.000,Fundação Universidade Federal do Maranhão,UFMA,1557907,779520,,"Para o ano de 2021, houve uma redução de 49,96% no consumo  em relação a média dos anos de 2018 e 2019."
"112021",2022-02-09 15:08:16.000,Universidade Federal Rural da Amazônia,UFRA,40425,273113,,Trabalho de forma híbrida (remoto e presencial)
"112021",2022-02-10 07:19:20.000,Fundação Casa de Rui Barbosa,FCRB,749,204,,
"112021",2022-02-14 09:37:34.000,Instituto de Pesquisa Econômica Aplicada,IPEA,3729,0,,"O valor informado de consumo dos meses de novembro 2018 a novembro de 2019 referem-se ao Ipea Rio de Janeiro (Edifícios De Paoli, Antonio Carlos). A partir de 2021 o Ipea Rio de Janeiro recebeu a cessão de alguns andares no edifício do Banco Central com divisão de alguns custos. Não há possibilidade de definir os quantitativos específicos do Ipea Rio. O Ipea Brasília ocupou até janeiro de 2022 o edifício BNDE e o valor de energia estava dentro do valor de condomínio."
"112021",2022-02-17 17:25:15.000,Fundação Oswaldo Cruz,FIOCRUZ,11723738,13962457,"Justifica-se o não atendimento total das metas de economia, uma vez que a partir de 2020, a Fundação Oswaldo Cruz (Fiocruz) deparou-se com o maior desafio em sua experiência na saúde pública, que foi o início da pandemia de Covid-19. A instituição não paralisou suas atividades em nenhum momento, pelo contrário, intensificou a atuação em laboratórios de pesquisa, atuou 24h nos complexos de produção de vacinas e fármacos e promoveu ações emergenciais de infraestrutura para cumprir seu papel junto à sociedade brasileira. 
Com isso, em 2020, a Fiocruz entregou três importantes construções nesse cenário:  o Centro Hospitalar para Pandemia de Covid-19 com capacidade para 200 leitos e 9,8 mil m2, a Unidade de Apoio ao Diagnóstico da Covid-19 no Rio de Janeiro com 2,2 mil m2 e a Unidade de Apoio ao Diagnóstico da Covid-19 no Ceará, também com 2,2 mil m2. Já em 2021 houve a entrega do Biobanco Covid-19, no Rio de Janeiro, que contempla 1,7 mil metros quadrados de construção e 8 mil metros quadrados de área urbanizada. Deu-se início, também, as obras das instalações da Fiocruz Mato Grosso do Sul. 
É importante salientar que durante 2020 e 2021 as unidades Fiocruz, inclusive as regionais, espalhadas pelo Brasil, intensificaram suas atividades diárias e promoveram novas iniciativas voltadas ao combate da pandemia, ações essas sendo incrementadas ate hoje.


",
"112021",2022-02-11 17:26:38.000,Fundação Universidade do Amazonas,UFAM,1544170,670395,,
"112021",2022-02-14 09:59:35.000,Universidade Federal do Oeste do Pará,UFOPA,34350,26540,,
"112021",2022-02-25 17:24:16.000,Fundação Universidade Federal do Pampa,UNIPAMPA,301035,8110,,"No primeiro item foi somado o consumo de todas as unidades atendidas em média e baixa tensão (de novembro de 2018 a novembro de 2019,conforme solicitado), depois dividido pelo numero de meses do intervalo de tempo para fazer a média aritmética simples, resultando no valor colocado no primeiro item. Vale destacar que o consumo médio de todas as unidades no mês de novembro de 2018 foi de 16630 kwh e vale destacar que o consumo médio de todas as unidades no mês de novembro de 2019 foi de 14974,24 kwh.
No segundo item foi somado o consumo de todas as unidades atendidas em baixa e média tensão(somente em novembro de 2021) e depois dividido pelo total de unidades, resultando na média aritmética simples e consequentemente, no valor pedido para o segundo item."
"112021",2022-02-16 17:07:35.000,"Instituto Federal de Educação, Ciência e Tecnologia de Alagoas",IFAL,18211,6468,,"Estamos no período de pandemia.

Foram colocados painéis fotovoltaicos no Campus"
"112021",2022-02-17 17:21:20.000,"Instituto Federal de Educação, Ciência e Tecnologia do Sertão Pernambucano",IFSertaoPE,44130,9726,,
"112021",2022-02-22 15:56:15.000,Agência Nacional de Mineração,ANM,8147,4910,,A Agência Nacional de Mineração possuí 29 unidades consumidoras em âmbito nacional. Para chegar ao valor final foi calculada a média das 29 unidades.
"112021",2022-02-17 11:21:53.000,Presidência da República,PR,947314,895595,"No período de consumo referente ao mês de outubro (leitura de 01/09/2021 a 01/10/2021) e novembro (leitura de 01/10/2021 a 01/11/2021), deu-se continuidade aos projetos em andamento que se alinha com às ações relacionadas ao Decreto nº 10.779, tais como incremento da substituição de lâmpadas por LED, redução da iluminação em áreas de estacionamentos, antecipação do horário de desligamento da climatização dos corredores nos Anexos do Palácio do Planalto e reforço da orientação aos plantonistas para o desligamento da iluminação que não estiver em uso. 
Historicamente, o consumo de energia nesse mês aumenta com a maior utilização do sistema de climatização, devido à elevação da temperatura ambiente, típica desse período em Brasília.
Concomitantemente, nesse período, foi concluída a obra do novo galpão do GSI, com o novo simulador Firearm Training Systems FATS 180LE, o que acabou por representar novo consumo de energia nessa edificação, anteriormente inexistente. 
A partir do segundo semestre de 2021 com a finalização da reforma geral efetuada no Pavilhão das Metas, iniciou-se a reocupação dos ambientes pelos servidores. Desta forma juntamente com a chegada dos servidores iniciou-se a utilização dos novos equipamentos de climatização e de iluminação, o que por sua vez elevou o consumo de energia elétrica naquela edificação.
Entretanto, mesmo com as novas cargas e elevação do consumo no sistema de climatização citado, as ações implantadas nos sistemas, como substituição de lâmpadas por LED, redução na utilização de iluminação em áreas de baixa ocupação e utilização consciente do ar condicionado, permitiram a redução do consumo total das edificações sob responsabilidade da PR em 4% (redução de 35.152 kWh) em outubro e de 5% (redução de 51.719 kWh) em novembro de 2021
",
"112021",2022-03-02 15:39:16.000,Universidade Federal de Juiz de Fora,UFJF,919515,587806,,
"092021",2022-03-04 21:07:00.000,Ministério do Trabalho e Previdência,MTP,1101959,639500,,"Em atendimento as disposições contidas na Portaria SEGES/ME 14.584 de 13 de dezembro de 2021 informo que os dados apresentados para os meses de setembro de 2018, setembro de 2019 e setembro de 2021 são fornecidos pela Comissão Interna de Conservação de Energia do Ministério do Trabalho e Previdência – CICE-MTP com extração em 04 de março de 2022, às 18:33h. No âmbito do Ministério do Trabalho e Previdência, a CICE-MTP estabeleceu que serão objeto de monitoramento para fins do cumprimento do disposto no Decreto Nº 10.779/21, art. 4º e §§ 1º, 2º todos os prédios cujo pagamento da fatura de energia é realizado pelo Ministério do Trabalho e Previdência. No dia 04/03/2022, constam 264 prédios na base de monitoramento. Cumpre salientar que o conjunto de dados apresentados é dinâmico e pode sofrer alterações assim como o conjunto de prédios que, dos dados consolidados, em setembro de 2021 representa 90,91% do total de prédios a serem monitorados."
"102021",2022-03-04 21:07:00.000,Ministério do Trabalho e Previdência,MTP,1224032,664723,,"Em atendimento as disposições contidas na Portaria SEGES/ME 14.584 de 13 de dezembro de 2021 informo que os dados apresentados para os meses de outubro de 2018, outubro de 2019 e outubro de 2021 são fornecidos pela Comissão Interna de Conservação de Energia do Ministério do Trabalho e Previdência – CICE-MTP com extração em 04 de março de 2022, às 18:33h. No âmbito do Ministério do Trabalho e Previdência, a CICE-MTP estabeleceu que serão objeto de monitoramento para fins do cumprimento do disposto no Decreto Nº 10.779/21, art. 4º e §§ 1º, 2º todos os prédios cujo pagamento da fatura de energia é realizado pelo Ministério do Trabalho e Previdência. No dia 04/03/2022, constam 264 prédios na base de monitoramento. Cumpre salientar que o conjunto de dados apresentados é dinâmico e pode sofrer alterações assim como o conjunto de prédios que, dos dados consolidados, em outubro de 2021 representa 91,29% do total de prédios a serem monitorados.L"
"112021",2022-03-04 21:08:00.000,Ministério do Trabalho e Previdência,MTP,1153450,741780,,"Em atendimento as disposições contidas na Portaria SEGES/ME 14.584 de 13 de dezembro de 2021 informo que os dados apresentados para os meses de novembro de 2018, novembro de 2019 e novembro de 2021 são fornecidos pela Comissão Interna de Conservação de Energia do Ministério do Trabalho e Previdência – CICE-MTP com extração em 04 de março de 2022, às 18:33h. No âmbito do Ministério do Trabalho e Previdência, a CICE-MTP estabeleceu que serão objeto de monitoramento para fins do cumprimento do disposto no Decreto Nº 10.779/21, art. 4º e §§ 1º, 2º todos os prédios cujo pagamento da fatura de energia é realizado pelo Ministério do Trabalho e Previdência. No dia 04/03/2022, constam 264 prédios na base de monitoramento. Cumpre salientar que o conjunto de dados apresentados é dinâmico e pode sofrer alterações assim como o conjunto de prédios que, dos dados consolidados, em novembro de 2021 representa 86,36% do total de prédios a serem monitorados."
"122021",2022-04-04 17:01:41.893,Ministério da Cidadania,MC,97837,101609,"Maior quantidade de servidores/colaboradores em trabalho presencial, anteriormente em trabalho remoto devido a pandemia da COVID-19.",
"122021",2022-04-04 17:08:29.223,Fundação Universidade do Amazonas,UFAM,1148517,626374,,
"122021",2022-04-04 17:17:27.483,Agência Nacional de Saúde Suplementar,ANS,258905,171890,,"Cabe ressaltar que a instituição encontrava-se fechada, atuando em regime de trabalho remoto, no mês de Dezembro de 2021 tendo em vista a adoção de medidas para contenção do contágio do vírus da COVID-19, e que aproveitou-se o período de suspensão das atividades presenciais para a realização de obras no prédio sede, situado no Rio de Janeiro."
"012022",2022-03-29 16:31:17.000,"Instituto Federal de Educação, Ciência e Tecnologia do Acre",IFAC,106000,61000,,
"012022",2022-03-21 11:30:07.000,Universidade Federal de Alagoas,UFAL,1122518,777380,,
"012022",2022-03-21 11:22:10.000,Universidade Federal do Sul e Sudeste do Pará,Unifesspa,166234,44940,,"Redução se deu, em especial pelas usinas fotovoltaicas na Unifesspa"
"012022",2022-03-21 11:12:53.000,Fundação Universidade Federal de Roraima,UFRR,79871,41665,,
"012022",2022-03-21 11:39:31.000,"Instituto Federal de Educação, Ciência e Tecnologia Farroupilha",IFFAR,52893,32453,,estamos com uma parte da usina fotovoltaica em funcionamento
"012022",2022-03-21 11:29:54.000,"Instituto Federal de Educação, Ciência e Tecnologia de Sergipe",IFS,262530,62943,,Houve uma redução de 76% do consumo de energia do mês de janeiro de 2022 em comparação com a média dos anos de 2018 e 2019 para o mesmo mês.
"012022",2022-03-21 11:29:42.000,Universidade Federal dos Vales do Jequitinhonha e Mucuri,UFVJM,277350,227390,,
"012022",2022-03-21 11:31:13.000,Universidade Federal da Bahia,UFBA,1918962,852405,,
"012022",2022-03-21 11:37:11.000,Banco Central do Brasil,BCB,2846270,2225484,,
"012022",2022-03-24 09:29:47.000,"Instituto Federal de Educação, Ciência e Tecnologia do Amazonas",IFAM,335038,298157,,"O consumo do instituto se manteve inferior à media dos anos anteriores, uma vez que as atividades em janeiro de 2022 permaneceram de forma híbrida e escalonada, com apenas 50% dos servidores em atividades presenciais nas unidades do IFAM. "
"012022",2022-03-21 11:47:12.000,Ministério da Infraestrutura,MINFRA,446396,360974,,
"012022",2022-03-23 18:41:21.000,Centro Federal de Educação Tecnológica - Celso Suckow da Fonseca -,CEFET-RJ,263927,135017,,
"012022",2022-03-21 12:11:56.000,Universidade Federal de São Paulo,UNIFESP,1859703,1606091,,
"012022",2022-03-21 12:17:48.000,Fundação Escola Nacional de Administração Pública,Enap,292,128,,"A média do consumo dos meses de Janeiro de 2018 e Janeiro de 2019 em Quilowatt-Hora (kWh), na verdade foi de 292,5 kwh."
"012022",2022-03-21 14:43:43.000,Fundação Universidade Federal da Grande Dourados,UFGD,31252,15729,,Em 2022 temos o funcionamento da usina de energia solar.
"012022",2022-03-23 09:46:03.000,"Instituto Federal de Educação, Ciência e Tecnologia do Rio Grande do Norte",IFRN,477745,252827,,
"012022",2022-03-28 10:06:49.000,Universidade Federal de Lavras,UFLA,646877,446304,,
"012022",2022-03-21 13:43:43.000,Advocacia-Geral da União,AGU,1311859,752400,,
"012022",2022-03-21 15:06:43.000,Fundação Universidade Federal do Maranhão,UFMA,978414,571180,,"Observa-se que, para o mês de Janeiro, o consumo de energia da UFMA no ano de 2022 representou
uma redução de 41,62% com relação a média de consumo dos anos de 2018 e 2019."
"012022",2022-03-21 14:03:21.000,"Instituto Federal de Educação, Ciência e Tecnologia de Brasília",IFB,10395,5552,,Valor baixo em relação aos anos de 2018 e 2019 por se tratar de período de pandemia em que alunos e servidores estavam em trabalho remoto.
"012022",2022-03-21 14:12:31.000,"Ministério da Agricultura, Pecuária e Abastecimento",MAPA,385927,259397,,Nenhuma observação.
"012022",2022-03-29 10:36:21.000,Fundo Nacional de Desenvolvimento da Educação,FNDE,284039,218152,,"Prezados,

Nos últimos preenchimentos, referentes à setembro a dezembro de 2021, preenchi sem contabilizar o edifício Elcy, utilizando o argumento de que não mais utilizamos do prédio. Contudo, minha chefia informou que à época, 2018 e 2019, o Ed. Elcy era nosso sede II e deveria ser contabilizado no consumo, já que despendíamos recursos para pagamento. Portanto, caso seja necessário, retifico os dados dos meses supracitados, pois não representaram, de fato, o consumo com energia elétrica por parte deste FNDE. "
"012022",2022-03-31 11:38:34.000,"Instituto Federal de Educação, Ciência e Tecnologia do Sertão Pernambucano",IFSertaoPE,148608,62530,,
"012022",2022-03-21 16:03:13.000,Universidade Federal do Ceará,UFC,1976872,1728998,,
"012022",2022-03-21 15:11:39.000,Universidade Federal da Integração Latino-Americana,UNILA,104609,128716,Retorno das atividades pós pandemia.,Janeiro de 2018 e 2019 não havia o uso da Unidade Campus Integração.
"012022",2022-03-25 16:29:50.000,Agência Nacional de Saúde Suplementar,ANS,276288,158439,,"Cabe ressaltar que a Instituição encontrava-se fechada no período, com atividades presenciais suspensas em razão da decretação do estado de pandemia de Covid-19, estando apenas a equipe de infraestrutura no prédio Sede, situado no Rio de Janeiro acompanhando e realizando obras de melhoria."
"012022",2022-03-21 15:15:51.000,Universidade Federal de Catalão,UFCAT,56861,25926,,
"012022",2022-03-31 19:31:27.000,Fundação Biblioteca Nacional,FBN,150521,71486,,
"012022",2022-03-21 15:30:18.000,Agência Nacional de Energia Elétrica,ANEEL,244935,144947,,"Foi obtido um significativo resultado para o mês de janeiro/2022, com economia na ordem de 41% em relação à média do mesmo mês nos anos de 2018 e 2019."
"012022",2022-03-21 15:40:49.000,Agência Nacional de Vigilância Sanitária,ANVISA,294,198,," A equipe de gestão continuamente implantando medidas visando redução de consumo de energia elétrica. Dentre as ações, temos a instalação de interruptores nas salas, instalação gradativa de lâmpadas Led em substituição a fluorescentes, desligamento dos sistemas de ar condicionado antes das 18 horas, serviços de adequação na rede elétrica visando que os corredores contíguos às janelas permaneçam desligados durante o dia."
"012022",2022-03-21 16:34:13.000,"Instituto Federal de Educação, Ciência e Tecnologia Sul-Rio-Grandense",IFSul,222921,125640,,
"012022",2022-03-21 21:13:33.000,Ministério do Meio Ambiente,MMA,286604,237672,,"Foi alcançado um percentual de economia de energia de 17,07%. Houve um retorno gradativo às atividades presenciais de servidores que estavam em trabalho remoto."
"012022",2022-03-22 08:42:44.000,Universidade Federal do Rio de Janeiro,UFRJ,6088857,4933465,,"O valor apresentado de 4.933.465 é referente ao ano de 2021,  e não ao de 2022, conforme texto solicitando a comparação."
"012022",2022-03-22 08:42:39.000,Fundação Universidade Federal de Ciências da Saúde de Porto Alegre,UFCSPA,193162,144891,,
"012022",2022-03-21 15:54:10.000,Ministério da Justiça e Segurança Pública,MJSP,410375,405507,"Considerando os esforços nos meses de Janeiro de 2021 à Fevereiro de 2022 o Ministério alcançou uma redução média de 13%. No presente mês, informa-se que a diminuição da redução obtida se deve ao aumento do consumo de energia relacionado ao retorno gradual de servidores que ainda estavam em regime de teletrabalho, além do alto consumo gerado pelo funcionamento dos aparelhos de climatização com portas e janelas das salas abertas, em atendimento as recomendações para controle da Covid-19 (para que sejam ampliadas as parcelas de ar renovado nos ambientes). Além disso, houve a instalação do Núcleo de Operação Centralizadas (NOC), no edifício Anexo II deste MJSP, para monitoramento dos equipamentos de TI, além de novos equipamentos, mais robustos, para operação de todas as instalações de TIC no âmbito da pasta. Outro ponto diz respeito ao aumento do número de capacitações no Batalhão Pronto Emprego (BEPE) da Força Nacional localizado no Gama/DF, por razão do incremento no número de servidores mobilizados e das ações de segurança pública que estavam contingenciadas ao longo dos anos anteriores em razão das restrições impostas pela pandemia da Covid-19; A instalação da equipe do Arquivo Central em uma nova área de mezanino construída no Anexo II deste Ministério (ampliação de área de escritórios), que significará a redução em aluguéis; Destacamos ainda a utilização da iluminação no estacionamento localizado próximo a via N2, que,  nesse período está em uso para a guarda de viaturas adquiridas e que serão distribuídas aos estados da federação ao longo do ano.",
"012022",2022-03-29 15:59:14.000,Universidade Federal de Juiz de Fora,UFJF,765035,636650,,
"012022",2022-03-21 16:39:24.000,Ministério da Defesa,MD,345201,324808,"CONFORME OCUPAÇÃO DO BLOCO B DO ANEXO DO MINISTÉRIO DA DEFESA PELA RECEITA FEDERAL, OBSERVARÁ UM NOVO CENÁRIO DE CONSUMO, UMA VEZ QUE A OCUPAÇÃO ESTARÁ O DOBLO AO OBSERVADO NOS ÚLTIMOS ANOS.",ECONOMIA OBSERVADA DE 6%.
"012022",2022-03-25 10:49:01.000,Agência Nacional de Transportes Terrestres,ANTT,246,193,,
"012022",2022-03-29 19:13:05.000,Fundação Universidade Federal de Mato Grosso do Sul,UFMS,639648,573223,,"Consumo no mês de Janeiro de 2018 - 586244 kWh
Consumo no mês de Janeiro de 2019 - 693051 kWh
Consumo no mês de Janeiro de 2022 - 573223 kWh"
"012022",2022-03-29 18:27:02.000,Universidade Federal do Triângulo Mineiro,UFTM,247552,175078,,
"012022",2022-03-21 18:40:51.000,"Instituto Federal de Educação, Ciência e Tecnologia do Espírito Santo",IFES,498527,405972,,
"012022",2022-03-21 18:40:52.000,Agência Nacional do Cinema,ANCINE,95417,67265,,
"012022",2022-03-21 18:48:07.000,Universidade Federal de Itajubá,UNIFEI,241850,169400,,
"012022",2022-03-22 08:59:15.000,Instituto Brasileiro de Museus,IBRAM,38240,8290,,"Consumo de janeiro no período compreendido entre  o dia 12/01 a 11/02/22. 
A baixa do consumo se deve ao fato de o Ibram ter ficado fechado (servidores e colaboradores em home office), com funcionamento mínimo necessário, devido a alta de casos de COVID a época."
"012022",2022-03-22 10:19:29.000,"Instituto Federal de Educação, Ciência e Tecnologia do Triângulo Mineiro",IFTM,153272,71590,,
"012022",2022-03-22 10:27:21.000,Agência Nacional de Aviação Civil,ANAC,247827,157321,,
"012022",2022-03-22 14:37:52.000,Instituto Chico Mendes de Conservação da Biodiversidade,ICMBio,86440,64240,,
"012022",2022-03-30 13:56:51.000,Superintendência do Desenvolvimento do Nordeste,SUDENE,47712,52705,Plano de ação para racionalização de energia elétrica ainda em andamento.,Dados apenas de jan/19.
"012022",2022-03-31 13:16:19.000,Fundação Universidade Federal do Rio Grande,FURG,442600,405290,"Em análise aos dados referentes ao consumo de energia elétrica durante os anos de 2016 a 2019, juntamente com a observação da evolução de área construída da FURG, verifica-se que mesmo diante de um período em que se evidenciava plena expansão universitária, com o acréscimo aproximado de 40.000 m² (quarenta mil metros quadrados) de área construída naqueles quatro anos, representando o aumento próximo de 20%, a instituição apresentou uma redução do consumo de energia elétrica anual de 289.393 kWh, equivalente ao decréscimo percentual aproximado de 5% quando comparados os consumos de 2016 e 2019. Assim sendo, mesmo diante do pleno crescimento da carga instalada, a FURG já acumulava elevada redução de consumo, fato este resultante de medidas implantadas naquele período como a substituição de lâmpadas convencionais por lâmpadas LED, tanto nos ambientes internos como externos, além da qualificação dos sistemas de iluminação externa, através da implantação de programadores horários em pontos estratégicos dos campi. Logo, a simples análise de consumo mensal referente aos anos de 2018 e 2019, comparada ao consumo mensal em 2022, não reproduz a realidade vivida no âmbito da FURG e as ações tomadas por esta universidade. Destaca-se ainda que, no período de 2019 a 2021 a FURG teve o acréscimo de área construída próximo de 18.500 m² (dezoito mil e quinhentos metros quadrados), equivalente a 7,5% de incremento, assim ao demonstrar uma redução de consumo de 9,2%, comparando-se a média de consumo de janeiro de 2018 e 2019 com o consumo do mesmo mês no corrente ano, novamente se evidencia que a universidade se mostra eficiente nas medidas implantadas, pois permanece crescendo em área física e em carga total instalada, entretanto não demonstra aumento no consumo de energia.",
"012022",2022-03-22 15:37:31.000,Ministério das Relações Exteriores,MRE,676458,532276,,
"012022",2022-03-22 16:42:52.000,Universidade Federal do Recôncavo da Bahia,UFRB,296117,240310,,
"012022",2022-03-28 10:30:43.000,Fundação Oswaldo Cruz,FIOCRUZ,11770838,13692165,"Repetimos Justificava de não atendimento total das metas de economia, uma vez que a partir de 2020, a Fundação Oswaldo Cruz (Fiocruz) deparou-se com o maior desafio em sua experiência na saúde pública, que foi o início da pandemia de Covid-19. A instituição não paralisou suas atividades em nenhum momento, pelo contrário, intensificou a atuação em laboratórios de pesquisa, atuou 24h nos complexos de produção de vacinas e fármacos e promoveu ações emergências de infraestrutura para cumprir seu papel junto à sociedade brasileira. 
Com isso, em 2020, a Fiocruz entregou três importantes construções nesse cenário:  o Centro Hospitalar para Pandemia de Covid-19 com capacidade para 200 leitos e 9,8 mil m2, a Unidade de Apoio ao Diagnóstico da Covid-19 no Rio de Janeiro com 2,2 mil m2 e a Unidade de Apoio ao Diagnóstico da Covid-19 no Ceará, também com 2,2 mil m2. Já em 2021 houve a entrega do Biobanco Covid-19, no Rio de Janeiro, que contempla 1,7 mil metros quadrados de construção e 8 mil metros quadrados de área urbanizada. Deu-se início, também, as obras das instalações da Fiocruz Mato Grosso do Sul. 
É importante salientar que durante 2020 e 2021 as unidades Fiocruz, inclusive as regionais, espalhadas pelo Brasil, intensificaram suas atividades diárias e promoveram novas iniciativas voltadas ao combate da pandemia, ações sendo incrementadas ate hoje.

",
"012022",2022-03-22 17:15:30.000,Fundação Coordenação de Aperfeiçoamento de Pessoal de Nível Superior,CAPES,186317,160985,,
"012022",2022-03-22 17:59:16.000,Universidade Federal do Oeste da Bahia,UFOB,169493,97909,,
"012022",2022-03-28 19:21:33.000,Universidade Federal de Goiás,UFG,1110045,971352,,"Baseado nas UCs que a Universidade Federal de Goiás possui responsabilidade financeira em 2022, foram considerados essas UCs para os anos de 2018, 2019 e 2022. A redução do consumo de energia elétrica(kWh) obtida foi de 12,5%, cumprimento a exigência do ministério da Economia."
"012022",2022-03-23 09:20:16.000,Universidade Federal de Minas Gerais,UFMG,2868146,2209138,,Redução de 23% no consumo. 
"012022",2022-03-23 09:28:18.000,Comissão de Valores Mobiliários,CVM,68320,50602,,
"012022",2022-03-23 10:21:08.000,"Instituto Federal de Educação, Ciência e Tecnologia de Roraima",IFRR,11293,15531,"Devido a média aritmética levar em consideração Janeiro de 2018, onde o Campus Boa Vista Zona Oeste ainda não estava em funcionamento, e Janeiro de 2019 para comparar com Janeiro de 2022, que já estava recebendo os servidores em integralidade e funcionamento normal, mesmo o país ainda em estado de pandemia ocasionado pela COVID-19. ",Esse questionário foi respondindo visando apenas as contas de energia do IFRR-Campus Boa Vista Zona Oeste.
"012022",2022-03-23 13:57:26.000,Universidade Federal de Uberlândia,UFU,926141,707508,,
"012022",2022-03-23 15:45:44.000,"Instituto Federal de Educação, Ciência e Tecnologia do Rio Grande do Sul",IFRS,305859,186324,,
"012022",2022-03-23 16:55:27.000,"Agência Nacional do Petróleo, Gás Natural e Biocombustíveis",ANP,87843,71357,,
"012022",2022-03-23 17:00:01.000,Universidade Federal Rural da Amazônia,UFRA,25742,20047,,EM JANEIRO DE 2022 O TRABALHO NA UFRA ESTAVA NO SISTEMA HIBRIDO (PRESENCIAL/REMOTO)
"012022",2022-03-24 06:29:05.000,Fundação Casa de Rui Barbosa,FCRB,427,113,,
"012022",2022-03-24 08:42:00.000,"Instituto Federal de Educação, Ciência e Tecnologia de Pernambuco",IFPE,21080609,5812965,,"Os dado enviados referente ao mês de Janeiro/2022 refletem valores de apenas 07 Unidades Gestoras do IFPE, que possui um total de 17 Unidades Gestores.
Infelizmente, não nos foi enviado a tempo os dados de consumo energético para o mês de janeiro / 2022 das 10 Unidades Gestoras restantes."
"012022",2022-03-24 08:26:09.000,Universidade Federal do Delta do Parnaíba,UFDPar,118630,38948,,
"012022",2022-03-24 09:54:24.000,Ministério da Cidadania,MC,116409,98046,,
"012022",2022-03-24 10:07:54.000,Comissão Nacional de Energia Nuclear,CNEN,171257,156661,,
"012022",2022-03-29 15:02:07.000,Fundação Universidade Federal do Piauí,UFPI,1395024,652838,,
"012022",2022-03-24 15:59:38.000,Agência Nacional de Telecomunicações,ANATEL,509303,350378,,
"012022",2022-03-24 16:05:47.000,Universidade Federal de Santa Maria,UFSM,1383839,1308440,"Diferente dos meses anteriores, para o mês de janeiro/22 a meta de redução de consumo de energia elétrica em 10% não foi atingida. 
Isso ocorre em função da retomada de atividades presenciais dos TAEs da instituição, bem como do revezamento em 2 turnos com redução de 50% da ocupação dos ambientes em função da pandemia de covid-19. Assim, como o período foi de calor excessivo, a ocupação presencial dos ambientes em 2 turnos (50% cada turno), contribuiu para que os condicionadores de ar tendessem a permanecer ligados de forma intermitente ao longo de todo dia.
Ainda, ressalta-se que o prédio do INPE no campus sede, bem como novos prédios nos demais campi (que não estavam presentes em 2018-19) também tenham contribuído com o maior consumo de energia elétrica.",
"012022",2022-03-25 09:43:59.000,"Instituto Nacional de Metrologia, Qualidade e Tecnologia",INMETRO,1137456,933507,,"A média informada refere-se a Janeiro de 2019 e Janeiro de 2020 e não Janeiro de 2018 e Janeiro de 2019 como é solicitado.
Os consumos informados englobam todos os imóveis e espaços ocupados pelo Inmetro no estado do Rio de Janeiro, nos respectivos períodos."
"012022",2022-03-25 12:31:00.000,"Instituto Federal de Educação, Ciência e Tecnologia do Amapá",IFAP,18563,6800,,
"012022",2022-03-25 13:03:21.000,"Instituto Federal de Educação, Ciência e Tecnologia do Piauí",IFPI,558215,278168,,"As faturas de Janeiro são emitidas com  ajustes relativos à emissão, pela média, das faturas de dezembro do ano anterior."
"012022",2022-03-25 15:19:33.000,"Ministério da Mulher, da Família e dos Direitos Humanos",MMFDH,109651,139541,Aumento do número de Secretarias e automaticamente o aumento de novos servidores/colaboradores.,
"012022",2022-03-25 16:52:24.000,Fundação Nacional de Artes,FUNARTE,61587,28392,,"Redução de 53,90%."
"012022",2022-03-25 17:20:27.000,Fundação Universidade de Brasília,UNB,1653722,1187389,,
"012022",2022-03-28 08:58:19.000,Universidade Federal do Rio Grande do Sul,UFRGS,2503902,1640432,,Ainda em jan/2022 muitos servidores estavam em trabalho remoto e muitas aulas eram administradas online.
"012022",2022-03-28 10:46:44.000,"Ministério da Ciência, Tecnologia e Inovações",MCTI,225320,223631,,"Com o período de verão (maior consumo ar condicionado) e crescente retorno do corpo técnico para
ocupação no trabalho presencial, forma gradual, conforme o avanço da vacinação COVID-19, acarretou
num percentual de consumo relativamente igual ao período dos anos de 2018 e 2019."
"012022",2022-03-28 10:49:35.000,Colégio Pedro II,CP II,295211,154279,,
"012022",2022-03-28 13:45:44.000,Universidade Federal do Rio Grande do Norte,UFRN,2259374,1922620,,
"012022",2022-03-29 13:05:11.000,"Instituto Federal de Educação, Ciência e Tecnologia do Ceará",IFCE,799175,379133,,"Janeiro de 2018:
1. A unidade do IFCE de Acopiara não tinha sido inaugurada.

Janeiro de 2022:
1. A unidade do IFCE de Boa Viagem não recebeu a fatura, devido a um erro na emissão do documento pela concessionária.
2. Os servidores retornam 100% ao trabalho presencial.
"
"012022",2022-03-28 14:05:22.000,Universidade Federal da Paraíba,UFPB,1096758,767040,,APENAS OS SERVIDORES TÉCNICO ADMINISTRATIVOS HAVIAM RETORNADO AO TRABALHO PRESENCIAL.
"012022",2022-03-28 16:41:27.000,Fundação Universidade Federal de São João Del Rei,UFSJ,259903,221942,,Retorno Gradual às atividades presenciais. 
"012022",2022-03-29 09:54:15.000,Ministério de Minas e Energia,MME,200527,155379,,"(Consumo janeiro 2022 - média consumo janeiro 2018/2019) = (155379 -200527 = -45.148 kWh) ou -22,51%. Portanto, houve uma redução do consumo nos percentuais definidos pelo decreto."
"012022",2022-03-29 15:12:36.000,Fundação Universidade Federal do ABC,UFABC,742168,365880,,
"012022",2022-03-29 09:50:27.000,Agência Nacional de Mineração,ANM,7128,4408,,"A ANM possui 32 unidades regionais. Considerando que só podemos fazer um lançamento, foi realizada a média nacional de consumo de energia."
"012022",2022-03-29 10:58:06.000,Universidade Federal do Paraná,UFPR,1172314,1147549,O mês de Janeiro é atípico devido a estar fora do período letivo e portanto o consumo sofre impacto das ações de eficiência energética.,
"012022",2022-03-29 11:13:37.000,Ministério do Desenvolvimento Regional,MDR,72000,69500,"Compreendo que o fator principal, na minha análise, decorre da concentração de população em um único prédio locado, em 12/2021 finalizou os procedimentos de desocupação do Ed. Telemundi, com redirecionamento de equipe/pessoal/setores para o Ed. Celso Furtado.",
"012022",2022-03-30 10:55:50.000,Instituto de Pesquisa Econômica Aplicada,IPEA,113858,65885,,
"012022",2022-03-29 11:36:20.000,Fundação Nacional de Saúde,FUNASA,105439,48665,,
"012022",2022-03-29 13:26:50.000,Universidade da Integração Internacional da Lusofonia Afro-Brasileira,UNILAB,129761,69636,,"O consumo do mês de janeiro de 2022 foi inferior à média do consumo dos anos anteriores, devido à redução das atividades administrativas presenciais nas unidades consumidoras da instituição (com trabalho híbrido - remoto e presencial), e as atividades acadêmicas com o ensino remoto, decorrente da pandemia do novo corona vírus."
"012022",2022-03-29 14:28:07.000,Instituto do Patrimônio Histórico e Artístico Nacional,IPHAN,322290,174128,,
"012022",2022-03-29 14:59:29.000,Instituto Brasileiro de Geografia e Estatística,IBGE,1174233,728180,,
"012022",2022-03-29 15:26:28.000,Universidade Federal de Alfenas,UNIFAL-MG,206736,149380,,Parte das atividades da universidade está sendo em efetuada em trabalho remoto.
"012022",2022-03-29 15:40:12.000,Fundação Universidade Federal de Viçosa,UFV,1247400,980000,,
"012022",2022-03-29 16:40:08.000,Fundação Universidade Federal de Pelotas,UFPel,513096,416813,,"O alto percentual de redução, de 18,8%, ainda é reflexo de grande parte do trabalho estar remoto do que de ações específicas de redução do consumo. Isto em função de que há mais de 15 anos a instituição possui um programa de gerenciamento de energia elétrica, o PROBEN, responsável por ações administrativas, técnicas e de educação da comunidade em relação à eficiência energética."
"012022",2022-03-31 12:29:53.000,Universidade Federal do Cariri,UFCA,96297,87201,"Ao longo do ano de 2019 foi concluída a obra de reforma do campus Brejo Santo da UFCA. Após essa reforma, a estrutura do referido campus foi ampliada. Além disso, também em 2019 foi realizada a execução da obra de urbanização do campus Juazeiro do Norte, além de reformas em alguns prédios de todos os campi da UFCA. Desta maneira, a estrutura de todos os campi da UFCA sofreu ampliação ao longo do ano de 2019. ",
"012022",2022-03-30 13:48:50.000,Instituto de Pesquisas Jardim Botânico do Rio de Janeiro,JBRJ,130195,115201,,
"012022",2022-03-30 12:54:21.000,Superintendência de Seguros Privados,SUSEP,128439,82355,,"Em função da pandemia ocasionada pela COVID19, desde maio de 2020, as atividades presenciais nos estabelecimentos ocupados pela SUSEP foram reduzidas ao mínimo necessário, o que acarretou em uma redução acentuada no consumo de energia elétrica.
Em janeiro de 2022 o estabelecimento da SUSEP em São Paulo passou a funcionar efetivamente em outro endereço (edifício do Banco Central), desta forma houve um aumento no consumo em função do consumo na nova edificação ser obtido por rateio e não por medição individualizada."
"012022",2022-03-30 16:02:04.000,"Instituto Federal de Educação, Ciência e Tecnologia de Santa Catarina",IFSC,272927,270595,"Destaca-se que no ano de 2021 a campus Canoinhas foi contemplado com obras, sendo uma Quadra Coberta e no mês de dezembro a empresa executou trabalhos, o que também influência em um maior Consumo de Energia.
Destaca-se que nos anos de 2018 e 2019, as aulas regulares do calendário acadêmico do Campus Chapecó , finalizaram  entre os dias17 e 18/12, já no ano de 2021 as aulas presenciais se estenderam até o dia 24/12/21,com o objetivo de regularizar o Calendário acadêmico, em razão da Pandemia do COVID-19, o que acabou nos gerando o consumo com capacidade de alunos e servidores por aproximadamente mais 05 dias úteis. Observa-se também que no ano de 2020, o  Câmpus teve a ampliação de sua estrutura com a Construção de um novo Bloco Agrícola, o que também influência em um maior Consumo de Energia, tanto pela locação de equipamentos, como pela utilização do espaço para as aulas práticas. ",
"012022",2022-03-30 16:14:44.000,Ministério da Educação,MEC,809174,642315,,"Edifícios do MEC incluídos no cálculo de consumo:
Edifício-Sede / Edifícios-Anexos I e II / Edifício Conselho Nacional de Educação - CNE / Edifício Garagem do MEC / Edifício Depósito do SIA / Edifício Cetremec.
Redução de consumo-médio de 20,62% para o mês de janeiro entre 2018/2019 e 2021"
"012022",2022-03-30 18:04:30.000,Universidade Federal Fluminense,UFF,1342326,892362,,"No período de recesso, normalmente o consumo é menor, em que pese a maioria das atividades presenciais estarem suspensas devido à   pandemia de COVID-19"
"012022",2022-03-31 15:37:39.000,Agência Nacional de Transportes Aquaviários,ANTAQ,11806,6302,,"Dados referentes à ANTAQ-Sede (Brasília) e URERE, UREVT e URESV."
"012022",2022-03-31 17:15:15.000,Ministério da Economia,ME,9935461,6998776,,"Em atendimento as disposições contidas na Portaria SEGES/ME 14.584 de 13 de dezembro de 2021 informo que os dados apresentados para os meses de janeiro de 2018, janeiro de 2019 e janeiro de 2022 são fornecidos pela Comissão Interna de Conservação de Energia do Ministério da Economia – CICE-ME com extração em 31 de março de 2022, às 14:10h. 
No âmbito do Ministério da Economia, a CICE-ME estabeleceu que serão objeto de monitoramento para fins do cumprimento do disposto no Decreto Nº 10.779/21, art. 4º e §§ 1º, 2º todos os prédios cujo pagamento total da fatura de energia é realizado pelo Ministério da Economia. No dia 31/03/2022, constam 621 prédios na base de monitoramento, sendo que 12 destes foram fechados no período de setembro 2021 a janeiro de 2022, ou seja, a quantidade de prédios a serem monitorados em janeiro de 2022 é de 609. Do total de prédios a serem monitorados (609), 581 possuem dados suficientes para o cálculo do comparativo, ou seja, os dados informados para o monitoramento de janeiro de 2022 representam 95,40% do total dos prédios a serem monitorados . 
Cumpre salientar que o tanto o conjunto de dados apresentados é dinâmico e pode sofrer alterações no decorrer de todo o período de monitoramento estabelecido no decreto."
"012022",2022-03-31 17:34:16.000,Ministério do Trabalho e Previdência,MTP,705813,508466,,"Em atendimento as disposições contidas na Portaria SEGES/ME 14.584 de 13 de dezembro de 2021 informo que os dados apresentados para os meses de janeiro de 2018, janeiro de 2019 e janeiro de 2022 são fornecidos pela Comissão Interna de Conservação de Energia do Ministério do Trabalho e Previdência, com extração em 31 de março de 2022, às 14:10h. 
No âmbito do Ministério do Trabalho e Previdência, a CICE estabeleceu que serão objeto de monitoramento para fins do cumprimento do disposto no Decreto Nº 10.779/21, art. 4º e §§ 1º, 2º todos os prédios cujo pagamento total da fatura de energia é realizado pelo Ministério do Trabalho e Previdência. 
No dia 31/03/2022, constam 267 prédios na base de monitoramento, sendo que 5 destes foram fechados no período de setembro 2021 a janeiro de 2022, ou seja, a quantidade de prédios a serem monitorados em janeiro de 2022 é de 262. Do total de prédios a serem monitorados (262), 204 possuem dados suficientes para o cálculo do comparativo, ou seja, os dados informados para o monitoramento de janeiro de 2022 representam 77,86% do total dos prédios a serem monitorados . 
Cumpre salientar que o tanto o conjunto de dados apresentados é dinâmico e pode sofrer alterações no decorrer de todo o período de monitoramento estabelecido no decreto.
"
"012022",2022-03-31 22:40:18.000,"Instituto Federal de Educação, Ciência e Tecnologia Fluminense",IFFLU,373265,170571,,
"012022",2022-04-01 17:18:48.000,"Instituto Federal de Educação, Ciência e Tecnologia Sudeste de Minas Gerais",IFMGSE,213092,80434,,"O consumo informado para o mês de janeiro de 2022 não compreende todas as unidades do IF Sudeste MG pelo fato de algumas das unidades não terem repassado seus consumos de energia para este período, ou seja, janeiro de 2022. Dessa forma, a fim de não deixar de informar o consumo do órgão, mediante o fechamento do formulário, optou-se pelo envio de informações parciais para o mês de janeiro de 2022."
"012022",2022-04-04 11:30:04.000,Universidade Federal do Oeste do Pará,UFOPA,188718,158365,,"NESTE CALCULO FOI CONSIDERADO OS CONSUMOS ATIVOS, CONSUMOS FORA PONTA E CONSUMO NA PONTA, NÃO INCLUÍDO OS CONSUMO REATIVOS"
"022022",2022-04-18 16:43:34.000,Universidade Federal da Bahia,UFBA,2148240,869874,,
"022022",2022-04-18 16:46:18.000,Banco Central do Brasil,BCB,2955964,2219570,,
"022022",2022-04-18 16:50:06.000,"Agência Nacional do Petróleo, Gás Natural e Biocombustíveis",ANP,81900,70700,,
"022022",2022-04-18 16:54:43.000,Fundação Nacional de Saúde,FUNASA,99967,44015,,
"022022",2022-04-20 09:38:23.000,Instituto Brasileiro do Meio Ambiente e dos Recursos Naturais Renováveis,IBAMA,1,1,"1","1"
"022022",2022-04-18 16:59:48.000,Ministério do Desenvolvimento Regional,MDR,78750,75500,"Adensamento do Ed. Celso Furtado com a equipe que ficava no Ed. Telemundi (devolvido), e retorno as atividades presenciais.",
"022022",2022-04-18 17:01:38.000,Universidade Federal dos Vales do Jequitinhonha e Mucuri,UFVJM,305627,192348,,
"022022",2022-04-18 17:04:41.000,Fundação Universidade Federal de Roraima,UFRR,55784,45343,,"Como em fevereiro, geralmente, só há as atividades administrativas e essas retornaram a normalidade desde de novembro de 2021, o consumo foi praticamente o mesmo do período analisado."
"022022",2022-04-18 17:16:32.000,"Instituto Federal de Educação, Ciência e Tecnologia do Acre",IFAC,127,67,,O Campus Rio Branco (maior campus do IFAC) possui usina fotovoltaicas desde abril de 2021.
"022022",2022-04-18 17:13:51.000,Fundação Escola Nacional de Administração Pública,Enap,415,210,,
"022022",2022-04-18 17:26:19.000,Instituto do Patrimônio Histórico e Artístico Nacional,IPHAN,301099,166239,,
"022022",2022-04-18 18:04:40.000,"Instituto Federal de Educação, Ciência e Tecnologia de Brasília",IFB,9030,3450,,"No mês de fevereiro de 2018, não foi registrado consumo de energia em virtude da data em questão o campus Recanto da Emas ainda não tinha sido entregue e o consumo estava a cargo da Construtora Engemega."
"022022",2022-04-18 18:07:00.000,"Instituto Federal de Educação, Ciência e Tecnologia Sul-Rio-Grandense",IFSul,233494,163770,,
"022022",2022-04-18 18:57:33.000,Ministério da Cidadania,MC,139156,93889,,
"022022",2022-04-18 20:27:25.000,Universidade Federal de Alagoas,UFAL,1226494,808465,,
"022022",2022-04-18 19:59:19.000,Universidade Federal de Lavras,UFLA,646405,476565,,
"022022",2022-04-18 21:42:03.000,Centro Federal de Educação Tecnológica - Celso Suckow da Fonseca -,CEFET-RJ,299766,136315,,
"022022",2022-04-19 06:26:00.000,Fundação Casa de Rui Barbosa,FCRB,221,119,,
"022022",2022-04-19 07:48:20.000,Universidade Federal de Uberlândia,UFU,1052116,653748,,
"022022",2022-04-19 08:31:26.000,Agência Nacional de Vigilância Sanitária,ANVISA,242,225,"A demanda registrada do mês em questão foi de (1002 kw), não ultrapassando o quantitativo da demanda contratada (1250 kw). Se analisarmos a variação do consumo no nosso histórico, percebemos que o valor contratado se mostra como o mais indicado à nossa realidade, como determinado em estudo desenvolvido por consultores externos do PROBEN (Programa do Bom Uso Energético) - UFPR. ","É importante salientar que o monitoramento de tais demandas é feito  por nossa equipe e permanece atenta a possíveis mudanças nos padrões de consumo da Anvisa, de modo que a demanda contratada possa acompanhar tais mudanças. "
"022022",2022-04-19 09:17:13.000,Fundação Universidade Federal de Ciências da Saúde de Porto Alegre,UFCSPA,211779,187935,,
"022022",2022-04-19 08:28:29.000,Universidade Federal da Integração Latino-Americana,UNILA,161298,134059,,Inicio da ocupação do Alojamento Estudantil.
"022022",2022-04-19 09:03:52.000,Ministério de Minas e Energia,MME,230615,154276,,"Diferença = 230615-154276 = -76339 ou -33,10% em relação a fev-2018/2019. Meta cumprida."
"022022",2022-04-19 09:38:31.000,Fundação Universidade Federal do Rio Grande,FURG,469841,412869,,
"022022",2022-05-02 15:10:41.000,Universidade da Integração Internacional da Lusofonia Afro-Brasileira,UNILAB,114949,65751,,
"022022",2022-04-19 09:53:38.000,Ministério das Comunicações,MCOM,499764,349859,,
"022022",2022-04-19 10:00:38.000,Ministério das Relações Exteriores,MRE,732668,503026,,
"022022",2022-04-19 10:22:11.000,Ministério da Infraestrutura,MINFRA,506033,346175,,
"022022",2022-04-19 10:31:50.000,"Instituto Federal de Educação, Ciência e Tecnologia do Amapá",IFAP,26565,17917,,Em fevereiro de 2022 retornou as aulas em virtude da pandemia. 
"022022",2022-04-19 10:58:39.000,Agência Nacional de Aviação Civil,ANAC,250535,175964,,
"022022",2022-04-20 13:31:50.000,Instituto de Pesquisa Econômica Aplicada,IPEA,43760,100,,"Obs. O valor relativo ao consumo médio de fevereiro 2018/2019 é do Ipea Rio de Janeiro. O valor relativo a 2022 é pago dentro do valor do condomínio dado que o Ipea no Rio de Janeiro está funcionando no Ed. do Banco Central;
Obs. O valor relativo a fev. de 2022, 100.000kwh, é o consumo do Ipea Brasília. O valor relativo a média fev. 2018/2019 não é possível no Ipea Brasília dado está dentro do valor de condomínio
Obs. A analise comparativa é impossível dado que os valores são de unidades diversas."
"022022",2022-04-25 16:01:18.000,Fundação Biblioteca Nacional,FBN,138184,62365,,
"022022",2022-04-19 14:04:52.000,Universidade Federal de Catalão,UFCAT,77017,23877,,"O ano de 2022 é um ano de retomada das atividades presenciais de discentes, docentes, servidores e colaboradores."
"022022",2022-04-19 15:34:09.000,Universidade Federal de Goiás,UFG,1242231,796808,,"Baseado nas UCs que a Universidade Federal de Goiás possui responsabilidade financeira em 2022, foram considerados essas UCs para os anos de 2018, 2019 e 2022. A redução do consumo de energia elétrica(kWh) obtida foi de 35,86%, cumprimento a exigência do Ministério da Economia."
"022022",2022-04-19 15:24:53.000,Fundação Universidade Federal do Piauí,UFPI,1191269,611220,,"Instituição de ensino superior com as atividades presenciais ainda não normalizadas. Foram retirados dos dados enviados o consumo das unidades que eram do campus de Parnaíba, visto que o mesmo foi desmembrado para a criação da Universidade Federal Delta do Parnaíba."
"022022",2022-04-19 15:33:35.000,Universidade Federal do Oeste da Bahia,UFOB,223406,98965,,
"022022",2022-04-19 15:41:03.000,Conselho Nacional de Desenvolvimento Científico e Tecnológico,CNPq,275171,185739,,Valores informados referem-se ao somatório do consumo (kWh) na ponta e fora da ponta.
"022022",2022-04-19 16:15:59.000,Fundação Nacional de Artes,FUNARTE,70806,45526,,"Redução de 35,70%."
"022022",2022-04-19 16:13:20.000,Universidade Federal de Alfenas,UNIFAL-MG,258539,161712,,Parte da universidade está em trabalho remoto.
"022022",2022-04-19 16:46:34.000,Ministério da Educação,MEC,672192,632718,"O consumo de energia nas edificações do Ministério da Educação em fevereiro de 2022 foi inferior em 1,49% (um vírgula quarenta e nove por cento) com relação ao apurado em janeiro de 2022 (em que apurou-se redução de consumo-médio de 20,62% para o mês de janeiro 2018/2019), permanecendo, portanto, os mesmos padrões e economia decorrentes das ações em andamento.
Diante disto, atribui-se o não atingimento da economia de 10% em fevereiro/2022, à grande quantidade de servidores em período de férias no mês de fevereiro de 2018 e 2019, que foram utilizados como parâmetro de comparação, em que verificou-se redução de consumo 16,92% com relação ao mês de janeiro nos mesmos anos: Média janeiro 2018/2019: 809174 kWh / Média fevereiro 2018/2019: 672192 kWh
","Edifícios do MEC incluídos no cálculo de consumo:
Edifício-Sede / Edifícios-Anexos I e II / Edifício Conselho Nacional de Educação - CNE / Edifício Garagem do MEC / Edifício Depósito do SIA / Edifício Cetremec.
Redução de consumo-médio de 5,87% para o mês de janeiro entre 2018/2019 e 2021"
"022022",2022-04-19 16:57:21.000,Agência Nacional de Energia Elétrica,ANEEL,220498,142908,,"Consumo do complexo predial ANEEL/ANP, em Brasília/DF."
"022022",2022-04-19 17:45:18.000,Agência Nacional de Mineração,ANM,7584,4413,,O valor obtivo foi realizado através da realização da média de consumo (Kwh) DAS 32 unidades administrativas existentes na ANM em âmbito nacional.
"022022",2022-04-20 08:47:16.000,"Instituto Federal de Educação, Ciência e Tecnologia de Sergipe",IFS,329,165,,"Comparando-se o consumo do mês de fevereiro de 2022 com a média dos meses de 2018 e 2019, verifca-se que houve uma redução de 50,15% do consumo total em kWh do IFS."
"022022",2022-04-20 10:19:41.000,"Instituto Federal de Educação, Ciência e Tecnologia de Pernambuco",IFPE,36473649,19087375,,"Campus Abreu e Lima - O Campus só passou a ter sua ligação de energia com a titularidade do IFPE a partir de novembro de 2019, antes a ligação de energia era de forma provisória de responsabilidade da Empresa JME Engenharia, responsável pela obra de construção da sede do Campus Abreu e Lima;
Em virtude do contador central de energia do Campus Barreiros ter apresentado defeito nos meses de outubro, novembro e dezembro de 2018, a CELPE não informou os números reais deste período. Diante disto, para não prejudicar o percentual de redução real, fiz uma mediana dos outros meses de 2018 no objetivo de atender com mais clareza e realidade o Decreto Nº 10.779, DE 25/08/2021. 

Campus cabo de SantoAgostinho - Contrato iniciado em 15/10/2019, não há histórico de consumo para os anos de 2018 e 2019
Campus Igarassu - No exercício de 2018 e 2019 as atividades do IFPE Campus Igarassu foram desenvolvidas dentro de uma sede provisória de aproximadamente 2.000m² de área construída. Em 2021, o Campus Igarassu iniciou as atividades administrativas e acadêmicas dentro da sede provisória até que houve a mudança para sua sede definitiva de aproximadamente 6.500m² de área construída em março de 2021. 
No primeiro semestre de 2021 as atividades administrativas e acadêmicas foram desenvolvidas em grande parte através do trabalho remoto de seus servidores e o consumo de energia elétrica foi pago pela construtora que ainda executa a obra em sua fase final. A partir do segundo semestre as aulas permanecem acontecendo à distância, mas podendo acontecer algumas aulas e atividades práticas por meio de agendamento de uso do espaço e o consumo da energia elétrica a partir do mês de agosto passou a ser pago pelo Campus Igarassu que tem uma estimativa de R$ 8.000,00 mensais. 
Para o exercício de 2022 pretende-se retornar com as aulas de forma presencial, bem como o retorno total das atividades presencial na instituição. Sendo assim, considerando a área e a necessidade de crescimento da instituição a previsão é de aumento no consumo de energia no ano de 2021 e 2022 em relação a anos anteriores.
Campus Ipojuca - As faturas de Dez/18 e Dez/19 incluem uma parcela de dias referentes ao mês de janeiro, havendo uma redução do consumo por causa das férias escolares. Já a fatura de Dez/21 contempla todo o mês de dezembro, retratando, assim, um mês em que não há redução no consumo de energia elétrica no Campus Ipojuca.

Campus Jaboatão dos Guararapes - OBS 1: Nos anos de 2018 e 2019 o campus funcionou em sede provisória com ambientes muito menores que a sede definitiva com muito menos equipamentos não sendo o seu consumo comparativo com os anos de 2021 e 2022.
OBS 2: Até o mês de fevereiro de 2019 a conta contrato do campus considerava apenas um contador existente no campus, após muitas insistencias da gestão a conta foi regularizada passando a vir a cobrança do real consumo.
CPMR - não existem dados para os anos de 2018 e 2019, uma vez que o Campus Palmares ainda está em sede provisória nas dependências da FAMASUL, compartilhando com esta não só a estrutura física, mas também o consumo de água e energia elétrica. Neste sentido, a apresentação das referidas contas de energia, que diga-se estão em nome da AEMASUL, não farão jus a realidade de consumo deste Campus.
Reitoria - não existem dados para os meses de janeiro a abril de 2018, uma vez que o consumo da Reitoria estava incluído na fatura do Condomínio SUDENE.
"
"022022",2022-04-20 09:46:54.000,"Instituto Federal de Educação, Ciência e Tecnologia do Espírito Santo",IFES,736235,538382,,"Alguns valores informados pelas sedes são aproximados, devido a isso as informações podem sofrer pequenas variações, tanto para mais quanto para menos."
"022022",2022-04-20 10:07:26.000,Ministério da Justiça e Segurança Pública,MJSP,462767,376812,,A redução obtida em fevereiro de 2022 foi de 19%.
"022022",2022-04-20 13:07:40.000,"Instituto Federal de Educação, Ciência e Tecnologia Farroupilha",IFFAR,52893,41817,,
"022022",2022-04-20 13:14:24.000,Comissão Nacional de Energia Nuclear,CNEN,102911,64315,,
"022022",2022-04-20 13:19:31.000,Instituto de Pesquisas Jardim Botânico do Rio de Janeiro,JBRJ,146114,122452,,
"022022",2022-04-20 13:29:18.000,"Instituto Federal de Educação, Ciência e Tecnologia do Triângulo Mineiro",IFTM,189716,90252,,
"022022",2022-04-20 15:41:11.000,Instituto Chico Mendes de Conservação da Biodiversidade,ICMBio,97200,63120,,
"022022",2022-04-20 14:11:59.000,Universidade Federal do Delta do Parnaíba,UFDPar,137380,22939,,DEVEMOS CONSIDERAR OS DADOS REFERENTE A 2018/19 O CAMPUS ESTAVA FUNCIONANDO NO FORMATO PRESENCIAL. NO ANO DE 2022 JÁ ESTÁ EM FUNCIONAMENTO A ESTAÇÃO FOTOVOLTAÍCA 
"022022",2022-04-20 14:39:43.000,Universidade Federal de São Paulo,UNIFESP,1974222,1585200,,
"022022",2022-04-20 15:01:36.000,"Ministério da Mulher, da Família e dos Direitos Humanos",MMFDH,109980,132790,,
"022022",2022-04-20 17:38:01.000,"Ministério da Ciência, Tecnologia e Inovações",MCTI,245201,219960,,"Redução de 10,29%."
"022022",2022-04-20 17:56:21.000,Instituto Brasileiro de Museus,IBRAM,41854,8290,,"A redução do consumo de fevereiro também se deve à redução de andares, ocorrida em setembro de 2021, ocupados pelo Ibram Sede ."
"022022",2022-04-25 09:02:19.000,Universidade Federal de Minas Gerais,UFMG,2633137,2121460,,"Redução de 19,43% no consumo. Meta atingida. "
"022022",2022-04-25 10:58:03.000,"Instituto Federal de Educação, Ciência e Tecnologia do Amazonas",IFAM,506517,306185,,"As atividades no mês de Fevereiro de 2022 ainda se encontravam remotas nos campi do IFAM, ressalvadas algumas exceções. Devido a isso o consumo apresentou quase 40% de redução em relação à média dos anos de 2018 e 2019.
"
"022022",2022-04-25 10:31:04.000,Universidade Federal do Rio Grande do Norte,UFRN,2659954,1892674,,
"022022",2022-04-25 10:33:53.000,Colégio Pedro II,CP II,364717,265432,,
"022022",2022-04-25 11:23:22.000,Universidade Federal do Triângulo Mineiro,UFTM,237392,204328,,
"022022",2022-04-28 14:33:35.000,"Instituto Federal de Educação, Ciência e Tecnologia de Santa Catarina",IFSC,415649,302741,,
"022022",2022-04-25 15:32:05.000,Fundo Nacional de Desenvolvimento da Educação,FNDE,302622,201638,,
"022022",2022-04-25 13:17:17.000,"Instituto Federal de Educação, Ciência e Tecnologia do Rio Grande do Norte",IFRN,585711,221958,,"Aulas e atividades administrativas presenciais suspensas de 28/1/22 a 21/2/22, em razão da situação epidemiológica (COVID-19/Gripe) no Rio Grande do Norte."
"022022",2022-04-25 15:59:07.000,Universidade Federal da Paraíba,UFPB,1519451,860909,,Mês de fevereiro de 2022 ainda com aulas ocorrendo de forma remota.
"022022",2022-04-25 17:40:18.000,Fundação Universidade Federal do ABC,UFABC,747080,410436,,
"022022",2022-04-26 10:35:50.000,Fundação Universidade Federal da Grande Dourados,UFGD,36559,28315,,"Unidades consumidoras no ano de 2018 e 2019: 11
Unidades consumidoras em 2022: 6

Em 2020, início do funcionamento da usina de energia solar. "
"022022",2022-04-26 14:37:25.000,Universidade Federal do Norte do Tocantins,UFNT,14397,13603,,
"022022",2022-04-26 14:56:49.000,Fundação Universidade Federal de Pelotas,UFPel,604625,473417,,"O alto percentual de redução, de 21,7%, ainda é reflexo de grande parte do trabalho e  ensino remotos na instituição e não de ações específicas para redução  do consumo visto que, desde 2006, a instituição possui um programa de gerenciamento de energia elétrica, o PROBEN, responsável por ações administrativas, técnicas e de educação  da comunidade em relação à eficiência  energética."
"022022",2022-04-26 15:07:49.000,Fundação Universidade de Brasília,UNB,2060828,1207802,,
"022022",2022-04-28 12:03:10.000,Universidade Federal Rural da Amazônia,UFRA,334219,197894,,"O consumo de energia apresentado está distribuído entre seis campi da universidade, duas  fazendas-escola e uma estação experimental. "
"022022",2022-04-26 21:22:27.000,Agência Nacional do Cinema,ANCINE,83715,82045,"Conforme climatografia que aponta um recorde na temperatura nos meses de janeiro e fevereiro de 2022 para o Estado do Rio de Janeiro, fato motivador do elevado consumo de energia, impossibilitou a redução dos 10% do consumo para atingir a meta conforme determina o Decreto 10.779 de 2021.",
"022022",2022-04-26 16:48:03.000,"Instituto Federal de Educação, Ciência e Tecnologia de Tocantins",IFTO,358124,82409,,
"022022",2022-04-30 22:33:20.000,"Instituto Federal de Educação, Ciência e Tecnologia Fluminense",IFFLU,429033,185195,,Faltam informações de dois de nossos campi que não enviaram os dados no tempo solicitado.
"022022",2022-04-28 10:52:10.000,"Ministério da Agricultura, Pecuária e Abastecimento",MAPA,409549,279925,,
"022022",2022-04-28 11:39:45.000,Fundação Universidade Federal de Mato Grosso do Sul,UFMS,797199,570861,,"Consumo total em Fevereiro de 2018 = 711630 kWh
Consumo total em Fevereiro de 2019 = 882768 kWh
Consumo total em Fevereiro de 2022 = 570861 kWh"
"022022",2022-04-28 13:32:48.000,"Instituto Federal de Educação, Ciência e Tecnologia do Ceará",IFCE,851,267,,Até a presente data a Enel não enviou a fatura de fevereiro para 13 unidades consumidoras do IFCE. 
"022022",2022-04-28 14:34:57.000,Universidade Federal do Paraná,UFPR,1254,1120,,
"022022",2022-04-28 14:26:24.000,Instituto Brasileiro de Geografia e Estatística,IBGE,1179726,782847,,
"022022",2022-04-28 16:06:13.000,"Instituto Federal de Educação, Ciência e Tecnologia do Piauí",IFPI,557684,232164,,Não foram consideradas as compensações da geração fotovoltaica dos campi que possuem tais sistemas.
"022022",2022-04-29 08:41:40.000,Fundação Coordenação de Aperfeiçoamento de Pessoal de Nível Superior,CAPES,205194,162085,,
"022022",2022-04-28 16:24:42.000,Fundação Oswaldo Cruz,FIOCRUZ,10812151,12259294,"Ratificamos justificativas apresentadas nos meses anteriores por conta do incremento das atividades da FIOCRUZ no combate e enfrentamento  ao COVID-19.
Entretanto embora todo o crescimento já informado, estamos conseguindo redução em algumas de nossas unidades.",
"022022",2022-04-28 16:23:15.000,Advocacia-Geral da União,AGU,1392978,741478,,
"022022",2022-04-28 18:22:54.000,Ministério do Meio Ambiente,MMA,323008,219735,,Houve uma economia superior a 20 % de consumo em relação a média de consumo do mês de fevereiro de 2018 e 2019.
"022022",2022-04-28 21:05:50.000,Universidade Federal de Itajubá,UNIFEI,238000,186900,,
"022022",2022-04-28 21:32:55.000,Universidade Federal Fluminense,UFF,1526859,1014915,,"No período de recesso, normalmente o consumo é menor, em que pese a maioria das atividades
presenciais estarem suspensas devido à pandemia de COVID-19."
"022022",2022-04-28 22:44:51.000,Comissão de Valores Mobiliários,CVM,68015,39824,,
"022022",2022-04-28 23:11:23.000,Fundação Universidade Federal de São João Del Rei,UFSJ,265730,207294,,Retorno Gradual às atividades presenciais
"022022",2022-04-29 08:46:36.000,Universidade Federal do Rio Grande do Sul,UFRGS,2572042,1858931,,Em fevereiro de 2022 ainda havia muitos servidores em trabalho remoto e muitos alunos se encontravam em aulas remotas também.
"022022",2022-04-29 10:05:19.000,Superintendência de Seguros Privados,SUSEP,135137,76893,,"Em função da pandemia ocasionada pela COVID19, desde maio de 2020, as atividades presenciais nos estabelecimentos ocupados pela SUSEP foram reduzidas ao mínimo necessário, o que acarretou em uma redução acentuada no consumo de energia elétrica."
"022022",2022-04-29 11:38:33.000,Superintendência do Desenvolvimento do Nordeste,SUDENE,51399,52919,Plano de Ação em andamento.,Registros apenas de fev/2018.
"022022",2022-04-29 14:21:44.000,"Instituto Federal de Educação, Ciência e Tecnologia do Sul de Minas Gerais",IFSULDEMINAS,178137,83663,,
"022022",2022-04-29 14:43:45.000,"Instituto Federal de Educação, Ciência e Tecnologia do Rio Grande do Sul",IFRS,282773,149139,,
"022022",2022-04-29 19:22:16.000,Ministério da Economia,ME,10089041,6711043,,"Em atendimento as disposições contidas na Portaria SEGES/ME 14.584 de 13 de dezembro de 2021 informo que os dados apresentados para os meses de fevereiro de 2018, fevereiro de 2019 e fevereiro de 2022 são fornecidos pela Comissão Interna de Conservação de Energia do Ministério da Economia – CICE-ME com extração em 29 de abril de 2022, às 17:55h.
No âmbito do Ministério da Economia, a CICE-ME estabeleceu que serão objeto de monitoramento para fins do cumprimento do disposto no Decreto Nº 10.779/21, art. 4º e §§ 1º, 2º todos os prédios cujo pagamento total da fatura de energia é realizado pelo Ministério da Economia. No dia 29/04/2022, constam 620 prédios na base de monitoramento, sendo que 11 destes foram fechados no período de setembro 2021 a janeiro de 2022, ou seja, a quantidade de prédios a serem monitorados em fevereiro de 2022 é de 609. Do total de prédios a serem monitorados (609), 592 possuem dados suficientes para o cálculo do comparativo, ou seja, os dados informados para o monitoramento de fevereiro de 2022 representam 97,21% do total dos prédios a serem monitorados.
Cumpre salientar que o conjunto de dados apresentados é dinâmico e pode sofrer alterações no decorrer de todo o período de monitoramento estabelecido no decreto."
"022022",2022-04-29 19:44:49.000,Ministério do Trabalho e Previdência,MTP,725275,398327,,"Em atendimento as disposições contidas na Portaria SEGES/ME 14.584 de 13 de dezembro de 2021 informo que os dados apresentados para os meses de fevereiro de 2018, fevereiro de 2019 e fevereiro de 2022 são fornecidos pela Comissão Interna de Conservação de Energia do Ministério do Trabalho e Previdência, com extração em 29 de abril de 2022, às 17:55h. 
No âmbito deste Ministério do Trabalho e Previdência, a CICE estabeleceu que serão objeto de monitoramento para fins do cumprimento do disposto no Decreto Nº 10.779/21, art. 4º e §§ 1º, 2º todos os prédios cujo pagamento total da fatura de energia é realizado pelo Ministério do Trabalho e Previdência. 
No dia 29/04/2022, constam 267 prédios na base de monitoramento, sendo que 7 destes foram fechados no período de setembro 2021 a janeiro de 2022, ou seja, a quantidade de prédios a serem monitorados em fevereiro de 2022 é de 260. Do total de prédios a serem monitorados (260), 229 possuem dados suficientes para o cálculo do comparativo, ou seja, os dados informados para o monitoramento de fevereiro de 2022 representam 88,08% do total dos prédios a serem monitorados. 
Cumpre salientar que o conjunto de dados apresentados é dinâmico e pode sofrer alterações no decorrer de todo o período de monitoramento estabelecido no decreto.
"
"022022",2022-04-30 21:08:12.000,Universidade Federal do Cariri ,UFCA,97662,62932,,
"022022",2022-05-02 10:39:43.000,Agência Nacional de Transportes Aquaviários,ANTAQ,11941,6709,,"Dados referentes à ANTAQ-Sede (Brasília) e URERE, UREVT e URESV."
"022022",2022-05-02 16:12:37.000,Agência Nacional de Telecomunicações,ANATEL,473568,329274,,
"012022",2022-04-09 00:00:00.000,"Instituto Federal de Educação, Ciência e Tecnologia do Sul de Minas Gerais",IFSULDEMINAS,194857,93170,,
"032022",2022-05-24 12:10:00.000,"Instituto Federal de Educação, Ciência e Tecnologia do Acre",IFAC,188,71,,
"032022",2022-05-24 11:56:00.000,Banco Central do Brasil,BCB,3034618,2238308,,
"032022",2022-05-24 12:34:00.000,Universidade Federal de Santa Maria,UFSM,1479943,1095389,,Metas de redução de consumo atingidas.
"032022",2022-05-24 12:12:00.000,"Agência Nacional do Petróleo, Gás Natural e Biocombustíveis",ANP,91200,83700,O retorno das atividades presenciais em março/22 causou impacto direto na demanda elétrica.  ,
"032022",2022-05-24 12:19:00.000,Universidade Federal de São Paulo,UNIFESP,2033972,1555960,,
"032022",2022-05-24 13:26:00.000,Universidade da Integração Internacional da Lusofonia Afro-Brasileira,UNILAB,133957,59102,,"Queda acentuada do consumo de energia devido à redução das atividades presenciais nas unidades, com a adoção do regime de trabalho remoto e aulas online, como medida de combate à pandemia do novo coronavirus.  "
"032022",2022-05-24 12:36:00.000,Fundação Biblioteca Nacional,FBN,152319,101164,,
"032022",2022-05-24 12:50:00.000,Fundação Escola Nacional de Administração Pública,Enap,287,177,,
"032022",2022-05-24 13:32:00.000,Ministério de Minas e Energia,MME,193441,146363,,"No mês de março/2022, o consumo foi menor em 47.078 kWh em relação a média de 2018/2019, que corresponde a -24,34%."
"032022",2022-05-24 13:40:00.000,Fundação Casa de Rui Barbosa,FCRB,293,256,,
"032022",2022-05-24 14:25:00.000,Universidade Federal da Integração Latino-Americana,UNILA,116244,133976,Aumento do número de alunos e usuários da universidade.,
"032022",2022-05-24 14:05:00.000,Universidade Federal dos Vales do Jequitinhonha e Mucuri,UFVJM,263972,223592,,
"032022",2022-05-24 13:59:00.000,"Instituto Federal de Educação, Ciência e Tecnologia de Brasília",IFB,11238,3145,,"Em março de 2018 a conta estava a cargo da construtora do campus Recanto das Emas, a entrega ainda não era definitiva, por isso não foi colocado a conta de março/2018."
"032022",2022-05-24 14:13:00.000,Ministério do Desenvolvimento Regional,MDR,73000,73000,"Fusão ministerial, com adensamento de equipe finalizada em 2021/2022.",
"032022",2022-05-26 17:57:00.000,Ministério das Relações Exteriores,MRE,612326,459191,,
"032022",2022-05-24 14:35:00.000,Universidade Federal de Itajubá,UNIFEI,268800,239400,,
"032022",2022-05-24 14:53:00.000,Superintendência do Desenvolvimento do Nordeste,SUDENE,55635,54424,Plano de ação para redução do consumo de energia elétrica em andamento.,Dados de 2018 não computados para a média.
"032022",2022-05-24 15:13:00.000,Fundação Coordenação de Aperfeiçoamento de Pessoal de Nível Superior,CAPES,186129,166629,,"O consumo total da CAPES no mês de Março de 2022 ficou 10,48% abaixo da média dos
consumos de 2018 e 2019, mantendo a meta proposta de redução."
"032022",2022-05-24 15:26:00.000,Fundação Universidade Federal do Maranhão,UFMA,1078399,621971,,"Observa-se que, para o mês de Março, o consumo de energia da UFMA no ano de 2022 representou
uma redução de 41,32% com relação a média de consumo dos anos de 2018 e 2019."
"032022",2022-05-26 14:58:00.000,Agência Nacional de Transportes Terrestres,ANTT,230735,223118,O retorno dos servidores ao regime de trabalho presencial.,
"032022",2022-05-24 15:23:00.000,Universidade Federal de Uberlândia,UFU,981843,819195,,
"032022",2022-05-24 15:52:00.000,Ministério da Educação,MEC,754267,560268,,"Edifícios do MEC incluídos no cálculo de consumo:
Edifício-Sede / Edifícios-Anexos I e II / Edifício Conselho Nacional de Educação - CNE / Edifício Garagem do MEC / Edifício Depósito do SIA / Edifício Cetremec.
Redução de consumo-médio de 25,72% (vinte e cinco vírgula setenta e dois por cento) no comparativo referente à média do mês de março entre 2018/2019 e março de 2022."
"032022",2022-05-24 16:37:00.000,Agência Nacional de Vigilância Sanitária,ANVISA,260,210,,Inicio de novo contrato 05/2022 a partir do dia 18/03/2022 - Neoenergia.
"032022",2022-05-24 16:18:00.000,Ministério da Infraestrutura,MINFRA,422805,320308,,
"032022",2022-05-24 16:35:00.000,Universidade Federal do Triângulo Mineiro,UFTM,211429,268818,Retorno 100% presencial em Março.,
"032022",2022-05-24 16:40:00.000,Universidade Federal da Bahia,UFBA,2290897,868519,,
"032022",2022-05-24 16:46:00.000,Fundação Universidade Federal de Pelotas,UFPel,621128,436886,,"A significativa redução de energia elétrica , na ordem de 29,7%, se dá mais em função de estarmos com a maior parte das aulas remotas e as atividades administrativas estarem em horário reduzido, visto que temos um programa de eficiência na UFPel desde 2006 , o PROBEN (www.ufpel.edu.br/proben), que já busca reduzir o consumo e o custo de energia na instituição."
"032022",2022-05-24 16:42:00.000,"Instituto Federal de Educação, Ciência e Tecnologia Sul-Rio-Grandense",IFSul,295678,185823,,
"032022",2022-05-24 16:51:00.000,"Instituto Federal de Educação, Ciência e Tecnologia de Sergipe",IFS,359491,203640,,"Com base na média do consumo de março de 2018 e 2019, com o consumo de março de 2022, nota-se que houve uma redução de 43,35% neste ano vigente."
"032022",2022-05-24 21:52:00.000,Universidade Federal de Lavras,UFLA,643369,609236,Retorno das aulas presenciais e início das atividades no novo campus da UFLA em São Sebastião do Paraíso/MG.,
"032022",2022-05-24 23:45:00.000,Centro Federal de Educação Tecnológica - Celso Suckow da Fonseca -,CEFET-RJ,443908,189590,,"Divulgação do atendimento ao Decreto realizado pela Cice institucional encontra-se em um link institucional: http://www.cefet-rj.br/index.php/parcerias-ambientais-internas/comissao-interna-de-conservacao-de-energia
"
"032022",2022-05-25 07:10:00.000,Fundação Nacional de Saúde,FUNASA,78171,39824,,
"032022",2022-05-25 08:35:00.000,Universidade Federal do Rio Grande do Norte,UFRN,3040472,2149876,,
"032022",2022-05-25 14:22:00.000,"Ministério da Agricultura, Pecuária e Abastecimento",MAPA,257039,304854,Informo que no mês de março foi instalado um grande número de aparelhos de ares condicionados e tal equipamento é um grande consumidor de energia elétrica.,
"032022",2022-05-25 08:45:00.000,Fundação Universidade Federal do ABC,UFABC,855139,505502,,
"032022",2022-05-25 08:50:00.000,Universidade Federal de Catalão,UFCAT,75793,23792,,"Março é um mês que não trabalhou-se com a capacidade total, pois, ainda considera-se um período misto de atividades, parte presencial e partes remotas."
"032022",2022-05-25 09:12:00.000,Instituto Chico Mendes de Conservação da Biodiversidade,ICMBio,16796,7360,,
"032022",2022-05-25 09:16:00.000,"Ministério da Mulher, da Família e dos Direitos Humanos",MMFDH,21290,54306,"Retorno das atividades presencias no âmbito do Ministério da Mulher, da Família e dos Direitos Humanos.",
"032022",2022-05-25 09:45:00.000,Comissão de Valores Mobiliários,CVM,67946,38059,,
"032022",2022-05-25 10:12:00.000,"Instituto Federal de Educação, Ciência e Tecnologia do Triângulo Mineiro",IFTM,220095,132443,,
"032022",2022-05-25 12:01:00.000,Fundação Universidade Federal do Rio Grande,FURG,511349,385902,,
"032022",2022-05-25 13:16:00.000,Agência Nacional de Aviação Civil,ANAC,260104,200856,,
"032022",2022-05-25 14:20:00.000,Fundação Universidade Federal de Viçosa,UFV,1205400,1117200,"Houve um acréscimo de cargas: instalação de novos aparelhos de ar condicionado, novas edificações que ficaram prontas no período, instalação de sistema de compensação de aquecimento de água solar com energia elétrica, mesmo assim houve uma economia de 7,32% em relação à média entre 03/2018 e 04/2018.",
"032022",2022-05-25 14:22:00.000,Fundação Universidade Federal de Ciências da Saúde de Porto Alegre,UFCSPA,225726,153738,,
"032022",2022-05-25 15:03:00.000,Universidade Federal de Minas Gerais,UFMG,3244191,2537055,,"Redução de 21,7%. Meta alcançada. "
"032022",2022-05-25 17:18:00.000,Universidade Federal de Goiás,UFG,1231278,799436,,"Baseado nas UCs que a Universidade Federal de Goiás possui responsabilidade financeira em 2022, foram considerados essas UCs para os anos de 2018, 2019 e 2022. A redução do consumo de energia elétrica(kWh) obtida foi de 35,07%, cumprimento a exigência do Ministério da Economia."
"032022",2022-05-25 18:18:00.000,"Ministério da Ciência, Tecnologia e Inovações",MCTI,206858,199826,"Crescente retorno do corpo técnico para ocupação no trabalho presencial, conforme o avanço da vacinação COVID-19, acarretou num percentual de consumo relativamente igual ao período dos anos de 2018 e 2019.",
"032022",2022-05-26 09:27:00.000,"Instituto Federal de Educação, Ciência e Tecnologia de Pernambuco",IFPE,2935053,31161619,,"Campus IFPE Palmares em construção, Campus Jaboatão dos Guararapes em sede provisória, campus Igarassu inicio das atividades em mar/2021 e Campus Abreu e Lima inicio das atividades em mar/2019."
"032022",2022-05-26 10:06:00.000,Universidade Federal de Alagoas,UFAL,1341341,916517,,
"032022",2022-05-26 13:48:00.000,"Instituto Federal de Educação, Ciência e Tecnologia do Ceará",IFCE,893726,579086,,
"032022",2022-05-26 15:11:00.000,Agência Nacional de Mineração,ANM,7125,4486,,Foi realizada a média de consumo de energia das 32 unidades regionais que a ANM possui.
"032022",2022-05-26 16:05:00.000,Agência Nacional do Cinema,ANCINE,91040,82460,"Conforme climatografia que aponta um recorde na temperatura, nos meses de janeiro e fevereiro de 2022, para o Estado do Rio de Janeiro, fato motivador do elevado consumo de energia, que impossibilitou a redução dos 10% do consumo para atingir a meta conforme determina o Decreto 10.779 de 2021.",
"032022",2022-05-26 16:59:00.000,Advocacia-Geral da União,AGU,1332724,764830,,
"032022",2022-05-26 21:40:00.000,Agência Nacional de Energia Elétrica,ANEEL,255377,184899,,Consumo do edifício sede da ANEEL e ANP/DF
"032022",2022-05-27 10:35:00.000,Instituto Brasileiro de Museus,IBRAM,36858,8461,,A grande diferença também se deu devido à devolução de andares em setembro/outubro de 2021.
"032022",2022-05-27 15:19:00.000,"Instituto Federal de Educação, Ciência e Tecnologia Farroupilha",IFFAR,89304,62320,,Retorno das atividades presenciais e sistema de energia solar em funcionamento
"032022",2022-05-27 16:14:00.000,Fundação Nacional de Artes,FUNARTE,107556,95739,,
"032022",2022-05-27 16:45:00.000,Fundação Oswaldo Cruz,FIOCRUZ,11763129,13789263,"Repetimos a Justificativa do não atendimento total das metas de economia, uma vez que a partir de 2020, a Fundação Oswaldo Cruz (Fiocruz) deparou-se com o maior desafio em sua experiência na saúde pública, que foi o início da pandemia de Covid-19. A instituição não paralisou suas atividades em nenhum momento, pelo contrário, intensificou a atuação em laboratórios de pesquisa, atuou 24h nos complexos de produção de vacinas e fármacos e promoveu ações emergenciais de infraestrutura para cumprir seu papel junto à sociedade brasileira. 
Com isso, em 2020, a Fiocruz entregou três importantes construções nesse cenário:  o Centro Hospitalar para Pandemia de Covid-19 com capacidade para 200 leitos e 9,8 mil m2, a Unidade de Apoio ao Diagnóstico da Covid-19 no Rio de Janeiro com 2,2 mil m2 e a Unidade de Apoio ao Diagnóstico da Covid-19 no Ceará, também com 2,2 mil m2. Já em 2021 houve a entrega do Biobanco Covid-19, no Rio de Janeiro, que contempla 1,7 mil metros quadrados de construção e 8 mil metros quadrados de área urbanizada. Deu-se início, também, as obras das instalações da Fiocruz Mato Grosso do Sul. 
É importante salientar que durante 2020 e 2021 as unidades Fiocruz, inclusive as regionais, espalhadas pelo Brasil, intensificaram suas atividades diárias e promoveram novas iniciativas voltadas ao combate da pandemia, ações sendo incrementadas ate hoje.

",Mantivemos o mesmo crescimento devido a demanda de combate ao COVID-19.
"032022",2022-05-27 18:06:00.000,Fundação Universidade Federal de São João Del Rei,UFSJ,280721,260214,"Retorno total ás atividades presenciais.
",
"032022",2022-06-02 07:57:00.000,Instituto de Pesquisa Econômica Aplicada,IPEA,48240,80202,"Até o momento o Ipea não tem condições de avaliar economia em relação ao períodos avaliados.
Unidade Ipea Rio - alugava e tinha condições de levantar o valor especifico consumido em 2018 e 2019.  No entanto em 2022 a unidade está ocupando por cessão andares do prédio do Banco Central e a energia é paga em valor de condomínio.
Ipea Brasília/sede - em 2018 e 2019 ocupava o edifício BNDE e o valor de energia, entre outros, era pago no condomínio. Atualmente o Ipea ocupa a torre B do Edifício Brasília 50, onde podemos medir separadamente o consumo de energia.","O valor relativo a 2018 e 2019 é do Ipea Rio. 
O valor de 2022 é do Ipea Brasília, conforme informações acima expostas."
"032022",2022-05-30 09:55:00.000,Universidade Federal do Oeste da Bahia,UFOB,196979,152223,,
"032022",2022-05-30 09:59:00.000,Comissão Nacional de Energia Nuclear,CNEN,1461335,1232455,,
"032022",2022-05-30 11:56:00.000,Ministério da Cidadania,MC,118393,95578,,
"032022",2022-05-30 14:01:00.000,"Instituto Federal de Educação, Ciência e Tecnologia de Santa Catarina",IFSC,566048,389691,,"campus São Miguel do Oeste Câmpus teve a ampliação de sua estrutura com a Construção de um novo Bloco Agrícola, o que também influência em um maior Consumo de Energia, tanto pela utlização de equipamentos, como pelo uso do espaço para as aulas práticas. Também tivemos em 2021,a instalação de uma bomba na cisterna de água para cultivo da área agrícola, e devido a falta de chuva,  a irrigação da área necessitou do uso constante do reservatório."
"032022",2022-05-30 14:24:00.000,Ministério da Justiça e Segurança Pública,MJSP,396590,317272,,"Economia auferida de 12%, sendo importante mencionar que os dados informados se referem às edificações administradas pela Secretaria Executivo (Núcleo Central)"
"032022",2022-05-31 14:24:00.000,Universidade Federal do Paraná,UFPR,1373,1195,,
"032022",2022-05-31 18:46:00.000,"Instituto Federal de Educação, Ciência e Tecnologia de Roraima",IFRR,0,4922,"O consumo não foi reduzido 10%, porque em março de 2018 e 2019 não teve faturamento. Pois o faturamento iniciou em agosto de 2019.",
"032022",2022-05-30 15:26:00.000,Fundação Universidade Federal do Piauí,UFPI,1486232,708909,,"Os consumos de energia apresentados referem-se às unidades da UFPI, desconsiderando as unidades da UFDPar, universidade criada com o desmembramento do Campus Ministro Reis Veloso, na cidade de Parnaíba. Cabe destacar ainda que as atividades de ensino presenciais não estavam normalizadas na UFPI no mês de março/2022."
"032022",2022-05-30 15:31:00.000,Fundação Universidade de Brasília,UNB,1745627,1190278,,
"032022",2022-05-30 16:12:00.000,"Instituto Federal de Educação, Ciência e Tecnologia do Rio Grande do Norte",IFRN,779504,424135,,
"032022",2022-05-30 16:30:00.000,"Instituto Federal de Educação, Ciência e Tecnologia do Espírito Santo",IFES,1112774,740978,,"Alguns valores informados pelas sedes são aproximados, devido a isso as informações podem sofrer
pequenas variações, tanto para mais quanto para menos"
"032022",2022-05-30 16:43:00.000,"Instituto Federal de Educação, Ciência e Tecnologia do Amapá",IFAP,7339,4021,,
"032022",2022-05-30 17:24:00.000,Fundação Universidade Federal de Mato Grosso do Sul,UFMS,961161,795638,,"Consumo total em Março de 2018 = 964864 kWh
Consumo total em Março de 2019 = 957638 kWh
Consumo total em Março de 2022 = 795638 kWh"
"032022",2022-05-30 17:25:00.000,Fundação Universidade Federal de Roraima,UFRR,75748,46993,,
"032022",2022-05-31 08:16:00.000,Universidade Federal do Rio Grande do Sul,UFRGS,2242207,1738421,,Informa-se que ainda neste período há servidores em trabalho remoto e alunos em aulas online devido à pandemia.
"032022",2022-05-31 09:42:00.000,Ministério das Comunicações,MCOM,246211,185826,,"Houve uma redução de 20,91% em relação ao período anterior."
"032022",2022-05-31 10:15:00.000,Universidade Federal da Paraíba,UFPB,1711902,1096915,,
"032022",2022-05-31 10:28:00.000,Instituto Brasileiro de Geografia e Estatística,IBGE,1166871,838005,,
"032022",2022-05-31 11:26:00.000,Universidade Federal do Cariri,UFCA,103693,71672,,
"032022",2022-05-31 16:30:00.000,Colégio Pedro II,CP II,457224,536553,"- Início das aulas presenciais, provocando a necessidade de iluminação e ventilação em todas as salas; impressão de materiais didáticos; uso de bombas d'água utilizadas para realizar a transferência de grandes volumes de água de um local para outro em função do alto consumo nos campi e na Reitoria;
- Retorno dos servidores ao trabalho presencial ou semipresencial, também acarretando em maior consumo de energia elétrica com iluminação, equipamentos diversos ligados, elevadores etc; utilização de aparelhos antigos, que consomem mais energia;
- Sistema de fiação apresenta problemas em função de terem ficado muito tempo sem uso por conta da pandemia e, com o retorno, não estão suportando a carga recebida. Os fios defeituosos aquecem e aumentam o consumo de energia;
- Aumento de turnos em funcionamento nos campi (cursos subsequentes, graduação, cursos e turmas novas no Proeja);
- Obras em andamento que acarretam no aumento do consumo de energia, com todo o maquinário ligado, iluminação etc. (obra de elétrica da Reitoria; acessibilidade da Reitoria e instalações de água e esgoto do Complexo de São Cristóvão).",
"032022",2022-05-31 12:44:00.000,Instituto do Patrimônio Histórico e Artístico Nacional,IPHAN,225368,159586,,
"032022",2022-05-31 12:43:00.000,Agência Nacional de Transportes Aquaviários,ANTAQ,13734,9183,,"Dados referentes à ANTAQ-Sede (Brasília) e URERE, UREVT e URESV."
"032022",2022-05-31 15:38:00.000,"Instituto Federal de Educação, Ciência e Tecnologia do Amazonas",IFAM,621464,453332,,"O consumo do instituto continua reduzindo, em relação aos anos anteriores. Pequenas ações de eficiência energética como troca de equipamentos de refrigeração e iluminação eficiente em algumas unidades contribuíram para isso. As atividades remotas de alguns setores ou servidores também vem contribuindo para redução do consumo dos Campi IFAM. "
"032022",2022-05-31 16:36:00.000,Ministério do Meio Ambiente,MMA,266517,261590,Em razão do retorno ao trabalho presencial dos servidores que estavam em trabalho remoto.,
"032022",2022-05-31 16:49:00.000,Ministério da Economia,ME,10275331,7320954,,"Em atendimento as disposições contidas na Portaria SEGES/ME 14.584 de 13 de dezembro de 2021 informo que os dados apresentados para os meses de março de 2018, março de 2019 e março de 2022 são fornecidos pela Comissão Interna de Conservação de Energia do Ministério da Economia – CICE-ME com extração em 31 de maio de 2022, às 16:00h.
No âmbito do Ministério da Economia, a CICE-ME estabeleceu que serão objeto de monitoramento para fins do cumprimento do disposto no Decreto Nº 10.779/21, art. 4º e §§ 1º, 2º todos os prédios cujo pagamento total da fatura de energia é realizado pelo Ministério da Economia. No dia 31/05/2022, constam 620 prédios na base de monitoramento, sendo que 12 destes foram fechados no período de setembro 2021 a março de 2022, ou seja, a quantidade de prédios a serem monitorados em março de 2022 é de 608. Do total de prédios a serem monitorados (608), 598 possuem dados suficientes para o cálculo do comparativo, ou seja, os dados informados para o monitoramento de março de 2022 representam 98,36% do total dos prédios a serem monitorados.
Cumpre salientar que o tanto o conjunto de dados apresentados é dinâmico e pode sofrer alterações no decorrer de todo o período de monitoramento estabelecido no decreto.
"
"032022",2022-05-31 17:17:00.000,Ministério do Trabalho e Previdência,MTP,808635,520026,,"Em atendimento as disposições contidas na Portaria SEGES/ME 14.584 de 13 de dezembro de 2021, informo que os dados apresentados para os meses de março de 2018, março de 2019 e março de 2022 são fornecidos pela Comissão Interna de Conservação de Energia do Ministério do Trabalho e Previdência, com extração em 31 de maio de 2022, às 16:00h. 
No âmbito do Ministério do Trabalho e Previdência, a CICE estabeleceu que serão objeto de monitoramento para fins do cumprimento do disposto no Decreto Nº 10.779/21, art. 4º e §§ 1º, 2º todos os prédios cujo pagamento total da fatura de energia é realizado pelo Ministério do Trabalho e Previdência. 
No dia 31/05/2022, constam 268 prédios na base de monitoramento, sendo que 10 destes foram fechados no período de setembro 2021 a março de 2022, ou seja, a quantidade de prédios a serem monitorados em março de 2022 é de 258. Do total de prédios a serem monitorados (258), 246 possuem dados suficientes para o cálculo do comparativo, ou seja, os dados informados para o monitoramento de março de 2022 representam 95,35% do total dos prédios a serem monitorados. 
Cumpre salientar que o conjunto de dados apresentados é dinâmico e pode sofrer alterações no decorrer de todo o período de monitoramento estabelecido no decreto.
"
"032022",2022-06-02 22:12:00.000,"Instituto Nacional de Metrologia, Qualidade e Tecnologia",INMETRO,1237510,1089101,,"Destaca-se que o informado não considerou o consumo de março/2022 referente ao espaço compartilhado junto ao Banco Central do Brasil, no Rio de Janeiro, considerando que até o momento não foi disponibilizada ao Inmetro cópia da fatura de energia elétrica para cálculo do rateio, provavelmente em razão da greve dos servidores daquele órgão."
"032022",2022-05-31 22:05:00.000,"Instituto Federal de Educação, Ciência e Tecnologia do Rio Grande do Sul",IFRS,182897,100731,,Campus Bento Gonçalves e campus Osório não informaram os dados em tempo hábil.
"032022",2022-06-01 16:15:00.000,Universidade Federal do Delta do Parnaíba,UFDPar,35290,18099,,
"032022",2022-06-02 15:38:00.000,"Instituto Federal de Educação, Ciência e Tecnologia do Sul de Minas Gerais",IFSULDEMINAS,215245,118905,,
"032022",2022-06-02 23:01:00.000,Universidade Federal Fluminense,UFF,1326161,1014843,,Início das atividades semipresenciais
"032022",2022-06-30 00:00:00.000,"Instituto Federal de Educação, Ciência e Tecnologia do Piauí",IFPI,574928,473868,,Não foram consideradas as compensações da geração fotovoltaica dos campi que possuem tais sistemas.
"042022",2022-06-21 15:20:13.000,Fundação Universidade Federal de Roraima,UFRR,80555,46372,,
"042022",2022-06-21 15:22:41.000,Ministério da Cidadania,MC,131112,101175,,
"042022",2022-06-22 14:29:59.000,"Instituto Federal de Educação, Ciência e Tecnologia de Brasília",IFB,11343,6080,,Cabe ressaltar que estes valores se referem somente ao Campus Estrutural.
"042022",2022-06-21 15:30:18.000,Agência Nacional de Telecomunicações,ANATEL,469943,321715,,As informações foram preenchidas conforme dados encaminhados pelas unidades em cada capital.
"042022",2022-06-21 15:35:52.000,"Instituto Federal de Educação, Ciência e Tecnologia Farroupilha",IFFAR,83105,48692,,
"042022",2022-06-21 15:46:22.000,Universidade Federal de Lavras,UFLA,808337,529156,,
"042022",2022-06-21 15:36:46.000,Ministério do Desenvolvimento Regional,MDR,73500,84500,"Dinâmica de utilização do prédio, de MI para MDR e junção de equipe, pode ser o fator que colaborou para não atendimento atingimento da meta.",
"042022",2022-06-21 15:51:28.000,Banco Central do Brasil,BCB,2863281,2078892,,
"042022",2022-06-21 16:01:17.000,"Agência Nacional do Petróleo, Gás Natural e Biocombustíveis",ANP,91200,76500,,
"042022",2022-06-21 16:09:37.000,Ministério de Minas e Energia,MME,219338,188048,,"O consumo medido em abril/2022 foi 14,27% menor em relação a média de consumo de abril dos anos de 2018 e 2019."
"042022",2022-06-21 16:27:06.000,Fundação Escola Nacional de Administração Pública,Enap,324,228,,
"042022",2022-06-21 17:23:02.000,Agência Nacional de Energia Elétrica,ANEEL,255377,184899,,"Foi obtido um significativo resultado para o mês de abril/2022 , com economia na ordem de 27,6% em relação à média do mesmo mês nos anos de 2018 e 2019. "
"042022",2022-06-21 16:45:45.000,Fundação Universidade Federal do ABC,UFABC,793106,489816,,
"042022",2022-06-23 16:17:56.000,Instituto Chico Mendes de Conservação da Biodiversidade,ICMBio,86040,77920,Houve exatamente uma economia de 10% em comparação à  media do mês 04 de 2018 e 2019. ,Não há comentários ou justificativas pertinentes a serem citadas.
"042022",2022-06-21 17:51:18.000,Ministério das Relações Exteriores,MRE,707061,560728,,
"042022",2022-06-21 17:49:37.000,Fundação Universidade Federal do Maranhão,UFMA,1269098,591368,,"Observa-se que, para o mês de Abril, o consumo de energia da UFMA no ano de 2022 representou
uma redução de 53.40% com relação a média de consumo dos anos de 2018 e 2019."
"042022",2022-06-21 18:02:43.000,Fundação Universidade Federal de Ciências da Saúde de Porto Alegre,UFCSPA,212659,149702,,
"042022",2022-06-22 07:44:54.000,Universidade Federal de Uberlândia,UFU,1262926,780443,,
"042022",2022-06-22 08:33:36.000,Fundação Coordenação de Aperfeiçoamento de Pessoal de Nível Superior,CAPES,199816,162847,,"O consumo total da CAPES no mês de Abril de 2022 ficou 18,5% abaixo da média dos
consumos de 2018 e 2019, fazendo que a a meta para o mês tenha sido atingida. O consumo
excessivo foi registrado no edifício-sede da CAPES; o consumo do arquivo central manteve-se
dentro do perfil de consumo dos meses anteriores."
"042022",2022-06-22 09:29:48.000,"Instituto Federal de Educação, Ciência e Tecnologia do Amapá",IFAP,92920,47612,,
"042022",2022-06-22 09:45:05.000,Fundação Universidade Federal do Piauí,UFPI,1517757,735249,,"Instituição de ensino superior com as atividades presenciais ainda não normalizadas. Foram retirados dos dados enviados o consumo das unidades que eram do campus de Parnaíba, pois o mesmo foi desmembrado para a criação da Universidade Federal Delta do Parnaíba."
"042022",2022-06-22 10:33:02.000,Fundação Casa de Rui Barbosa,FCRB,304,112,,
"042022",2022-06-22 10:07:15.000,Agência Nacional de Transportes Terrestres,ANTT,269956,263967,Retorno de servidores que estavam em home office para o trabalho presencial,
"042022",2022-06-22 10:15:33.000,Agência Nacional de Mineração,ANM,6327,4382,,"Foi lançado a média de consumo nacional, tendo em vista que a ANM possui 29 unidades consumidoras"
"042022",2022-06-22 10:19:58.000,Universidade Federal do Ceará,UFC,2210632,1755901,,
"042022",2022-06-22 10:57:29.000,Comissão Nacional de Energia Nuclear,CNEN,1581312,1208883,,
"042022",2022-06-22 11:08:05.000,"Instituto Federal de Educação, Ciência e Tecnologia Sul-Rio-Grandense",IFSul,294769,184998,,"Não tivemos acesso a fatura do mês de abril/2022 para o Câmpus Sapucaia do Sul pois, a nota fiscal não foi emitida. "
"042022",2022-07-04 15:34:12.000,Universidade Federal de Goiás,UFG,1514129,1173116,,"Baseado nas UCs que a Universidade Federal de Goiás possui responsabilidade financeira em 2022, foram considerados essas UCs para os anos de 2018, 2019 e 2022. A redução do consumo de energia elétrica(kWh) obtida foi de 22,52%, cumprimento a exigência do Ministério da Economia"
"042022",2022-06-22 11:46:23.000,Universidade Federal do Rio Grande do Sul,UFRGS,2604188,1891371,,Nesse período ainda havia muitos servidores/alunos em serviços/aulas remotas.
"042022",2022-06-22 13:33:09.000,Universidade Federal de Catalão,UFCAT,94359,35606,,
"042022",2022-06-22 13:55:52.000,Universidade Federal dos Vales do Jequitinhonha e Mucuri,UFVJM,308464,219473,,
"042022",2022-06-22 15:02:19.000,Fundação Universidade Federal de Viçosa,UFV,1443400,1075200,,
"042022",2022-06-22 15:05:44.000,Comissão de Valores Mobiliários,CVM,67259,54386,,
"042022",2022-06-22 15:47:24.000,Ministério do Meio Ambiente,MMA,261784,234675,,"Houve uma redução no consumo de energia elétrica de 10,35% em relação à média de consumo do mês de abril dos anos de 2018 e 2019."
"042022",2022-06-22 16:34:41.000,Universidade Federal de Alfenas,UNIFAL-MG,279644,186601,,
"042022",2022-06-22 17:42:35.000,Ministério da Infraestrutura,MINFRA,492212,390705,,
"042022",2022-06-23 08:10:27.000,Fundação Universidade Federal do Rio Grande,FURG,522251,421600,,
"042022",2022-06-23 09:28:11.000,Universidade Federal de Santa Maria,UFSM,1570566,1090003,,Meta atingida.
"042022",2022-06-23 10:53:12.000,"Ministério da Mulher, da Família e dos Direitos Humanos",MMFDH,103084,165029,,
"042022",2022-06-27 14:05:36.000,Superintendência do Desenvolvimento do Nordeste,SUDENE,55677,49921,,"Média levou em consideração apenas o consumo de abril/2019,"
"042022",2022-06-23 13:20:01.000,Instituto de Pesquisa Econômica Aplicada,IPEA,85435,73365,,"Ressalto que, como informado em informe anteriores. Os números encaminhado não podem ser comparados dado que:
O consumo de 2018/2019 é do Ipea Rio que atualmente (abril 2022) ocupa área do Banco Central e a energia elétrica é parte do valor pago a titulo de condomínio.

O valor de 2022 é relativo ao Ipea Brasília que atualmente funciona no edifício Brasília 50, mas em 2018/2019 ocupava edifício BNDE e a energia era incluída no valor de condomínio. "
"042022",2022-06-23 13:23:08.000,Centro Federal de Educação Tecnológica - Celso Suckow da Fonseca -,CEFET-RJ,424250,215084,,
"042022",2022-06-27 08:20:30.000,Agência Nacional de Vigilância Sanitária,ANVISA,241,187,,"A esquipe de fiscalização está continuamente avaliado a demanda durante a execução do contrato, podendo ainda ser diminuída em função dos efeitos do cenário atual, no que tange ao aumento gradativo da modalidade do trabalho remoto da Anvisa, fazendo com que as instalações da Anvisa sejam cada vez menos demandada pela força de trabalho desta Agência."
"042022",2022-06-23 15:51:03.000,Fundação Nacional de Saúde,FUNASA,89463,513435,,
"042022",2022-06-23 17:57:59.000,Universidade Federal de Minas Gerais,UFMG,3079409,2605419,,"Redução de 15,39%. Meta atingida. "
"042022",2022-06-23 18:48:57.000,"Instituto Federal de Educação, Ciência e Tecnologia do Ceará",IFCE,893483,686255,,
"042022",2022-06-24 09:35:23.000,Colégio Pedro II,CP II,447169,354224,,
"042022",2022-06-24 10:01:55.000,Universidade Federal Rural da Amazônia,UFRA,372296,277472,,
"042022",2022-06-24 10:17:33.000,Universidade Federal de Alagoas,UFAL,1254477,983649,,
"042022",2022-06-24 15:09:09.000,Ministério da Justiça e Segurança Pública,MJSP,448848,389586,,Sem maiores observações.
"042022",2022-06-24 15:19:11.000,"Ministério da Ciência, Tecnologia e Inovações",MCTI,224679,199826,,"Redução de  5,5%."
"042022",2022-06-24 16:38:39.000,"Instituto Federal de Educação, Ciência e Tecnologia do Triângulo Mineiro",IFTM,209216,128249,,
"042022",2022-06-25 18:16:01.000,Universidade Federal da Bahia,UFBA,2320372,1064677,,
"042022",2022-06-27 12:35:30.000,Fundação Oswaldo Cruz,FIOCRUZ,11511672,12573316,"Repetimos a justificativa já apresentada aos meses anteriores, pelo não atendimento total das metas de economia, uma vez que a partir de 2020, a Fundação Oswaldo Cruz (Fiocruz) deparou-se com o maior desafio em sua experiência na saúde pública, que foi o início da pandemia de Covid-19. A instituição não paralisou suas atividades em nenhum momento, pelo contrário, intensificou a atuação em laboratórios de pesquisa, atuou 24h nos complexos de produção de vacinas e fármacos e promoveu ações emergências de infraestrutura para cumprir seu papel junto à sociedade brasileira. Essas ações repetiram em todas as nossas unidades.  ",
"042022",2022-06-27 13:08:44.000,Agência Nacional de Aviação Civil,ANAC,252576,198356,,
"042022",2022-06-27 16:08:37.000,Instituto Brasileiro de Museus,IBRAM,36884,11489,,A diferença também se deve à devolução de 3 pavimentos em setembro de 2021.
"042022",2022-06-28 10:25:34.000,Universidade Federal do Oeste da Bahia,UFOB,213548,194238,"O consumo referente ao mês de abril/2022 representa uma aconomia de 9% em relação à média do mesmo período em 2018 e 2019. Isso se dá especialmente por conta do retorno gradual das atividades presenciais tanto administrativas quanto de ensino e esquisa na instituição. Outro dado importante e que precisa ser levado em conta, é que no intervalo de referência do período, a universidade iniciou a operação de unidades anexas em quadro das cinco cidades onde possuimos campus, o que interfere nessa relação de consumo. Se fizermos a relação equivalente de espaços utilizados em abril/2018-19 com abril/2022, mesmo com o retorno das atividades presenciais, teríamos uma economia de 12%, atingindo assim a meta de consumo estipulada.
",
"042022",2022-06-27 19:33:04.000,Fundação Biblioteca Nacional,FBN,138561,94924,,
"042022",2022-06-27 08:16:19.000,"Instituto Federal de Educação, Ciência e Tecnologia de Pernambuco",IFPE,46992609,30105809,,"CABL:
O Campus só passou a ter sua ligação de energia com a titularidade do IFPE a partir de novembro de 2019, antes a ligação de energia era de forma provisória de responsabilidade da Empresa JME Engenharia, responsável pela obra de construção da sede do Campus Abreu e Lima;

CSA
Contrato iniciado em 15/10/2019, não há histórico de consumo para os anos de 2018 e 2019.

IGAR
No exercício de 2018 e 2019 as atividades do IFPE Campus Igarassu foram desenvolvidas dentro de uma sede provisória de aproximadamente 2.000m² de área construída. Em 2021, o Campus Igarassu iniciou as atividades administrativas e acadêmicas dentro da sede provisória até que houve a mudança para sua sede definitiva de aproximadamente 6.500m² de área construída em março de 2021. 
No primeiro semestre de 2021 as atividades administrativas e acadêmicas foram desenvolvidas em grande parte através do trabalho remoto de seus servidores e o consumo de energia elétrica foi pago pela construtora que ainda executa a obra em sua fase final. A partir do segundo semestre as aulas permanecem acontecendo à distância, mas podendo acontecer algumas aulas e atividades práticas por meio de agendamento de uso do espaço e o consumo da energia elétrica a partir do mês de agosto passou a ser pago pelo Campus Igarassu que tem uma estimativa de R$ 8.000,00 mensais. 
Para o exercício de 2022 pretende-se retornar com as aulas de forma presencial, bem como o retorno total das atividades presencial na instituição. Sendo assim, considerando a área e a necessidade de crescimento da instituição a previsão é de aumento no consumo de energia no ano de 2021 e 2022 em relação a anos anteriores.
**Houve uma leitura realizada de forma equivocada no mês de dezembro, zerando o consumo de energia, e outra no mês de janeiro, na qual foi registrado o consumo dos meses de dezembro de 2021 e janeiro de 2022

OLI
O campus mudou para atual sede em abril/2019. No prédio anterior as faturas eram pagas pela prefeitura de Olinda, não tendo o Campus acesso às faturas. Por esta razão adotamos a média de consumo de 6000kWh como média para 2018.
Dos dias 01 a 20 o expediente foi totalmente remoto Aulas presenciais do PROEJA à noite elevaram o consumo em horário crítico.
Mudança para atual prédio: 19/04/2019. Referência subdimensionada.

PMR.
*não existem dados para os anos de 2018 e 2019, uma vez que o Campus Palmares ainda está em sede provisória nas dependências da FAMASUL, compartilhando com esta não só a estrutura física, mas também o consumo de água e energia elétrica. Neste sentido, a apresentação das referidas contas de energia, que diga-se estão em nome da AEMASUL, não farão jus a realidade de consumo deste Campus.

REITORIA
*não existem dados para os meses de janeiro a abril de 2018, uma vez que o consumo da Reitoria estava incluído na fatura do Condomínio SUDENE.
"
"042022",2022-06-27 07:29:05.000,"Instituto Federal de Educação, Ciência e Tecnologia de Sergipe",IFS,366103,274133,,"Com base na média dos consumos dos meses de abril de 2018 e 2019 em comparação com o consumo de energia do mês de abril de 2022, observa-se uma redução de 24,5%, logo, a meta estabelecida foi atingida."
"042022",2022-06-27 10:23:47.000,Universidade Federal do Rio Grande do Norte,UFRN,2972494,2594140,,
"042022",2022-06-27 19:59:52.000,Universidade Federal de Itajubá,UNIFEI,296100,231000,,
"042022",2022-06-28 14:07:28.000,Universidade Federal do Delta do Parnaíba,UFDPar,182793,44938,,
"042022",2022-06-28 08:41:38.000,Universidade Federal da Integração Latino-Americana,UNILA,118705,113479,Não há justificativas.,Sem observações.
"042022",2022-06-28 10:50:06.000,"Instituto Federal de Educação, Ciência e Tecnologia do Piauí",IFPI,647217,510234,,
"042022",2022-06-28 13:44:35.000,Agência Nacional de Transportes Aquaviários,ANTAQ,12153,8116,,"Dados referentes à ANTAQ-Sede (Brasília) e URERE, UREVT e URESV."
"042022",2022-06-28 14:59:46.000,Fundação Universidade Federal de São João Del Rei,UFSJ,332833,290413,,Retorno ás atividades presenciais
"042022",2022-06-28 16:59:59.000,Universidade Federal do Triângulo Mineiro,UFTM,287372,256860,,
"042022",2022-06-28 17:00:30.000,Fundação Nacional de Artes,FUNARTE,107226,87763,,"Redução de 18,15%."
"042022",2022-06-29 13:49:53.000,Fundação Universidade Federal de Pelotas,UFPel,603821,514428,,"A redução de quase 15% no consumo de energia se dá muito em função de grande parte das aulas ainda estarem sendo remotas e as atividades administrativas não estarem de forma presencial em todo o horário, visto que temos na instituição um programa de eficiência energética - PROBEN - funcionando desde 2006, e que busca de forma constante a redução do consumo de energia e dos custos deste insumo no orçamento da UFPel."
"042022",2022-06-29 15:25:47.000,"Instituto Federal de Educação, Ciência e Tecnologia do Espírito Santo",IFES,922744,755960,,"Alguns valores informados pelas sedes são aproximados, devido a isso as informações podem sofrer
pequenas variações, tanto para mais quanto para menos.
"
"042022",2022-06-30 12:08:45.000,Instituto Brasileiro de Geografia e Estatística,IBGE,1157983,798675,,
"042022",2022-06-30 17:59:32.000,Ministério da Economia,ME,9969222,7096418,,"Em atendimento as disposições contidas na Portaria SEGES/ME 14.584 de 13 de dezembro de 2021 informo que os dados apresentados para os meses de abril de 2018, abril de 2019 e abril de 2022 são fornecidos pela Comissão Interna de Conservação de Energia do Ministério da Economia – CICE-ME com extração em 30 de junho de 2022, às 17:10h.
No âmbito do Ministério da Economia, a CICE-ME estabeleceu que serão objeto de monitoramento para fins do cumprimento do disposto no Decreto Nº 10.779/21, art. 4º e §§ 1º, 2º todos os prédios cujo pagamento total da fatura de energia é realizado pelo Ministério da Economia. No dia 30/06/2022, constam 619 prédios na base de monitoramento, sendo que 15 destes foram fechados no período de setembro 2021 a abril de 2022, ou seja, a quantidade de prédios a serem monitorados em abril de 2022 é de 604. Do total de prédios a serem monitorados (604), 590 possuem dados suficientes para o cálculo do comparativo, ou seja, os dados informados para o monitoramento de abril de 2022 representam 97,68% do total dos prédios a serem monitorados.
Cumpre salientar que o tanto o conjunto de dados apresentados é dinâmico e pode sofrer alterações no decorrer de todo o período de monitoramento estabelecido no decreto."
"042022",2022-06-30 19:43:44.000,Universidade Federal de São Paulo,UNIFESP,2081585,2107745,"A Universidade Federal de São Paulo é composta pela Reitoria e 7 campi, que em sua maioria, tiveram atividades presenciais interrompidas desde março de 2020. Um dos seus Campi, o São Paulo, possui características infraestruturais diferenciadas e na contabilização do consumo de energia estão inclusos: Quadrilátero (Hospital São Paulo) e Hospital Universitário II, que durante a pandemia tiveram a intensificação das atividades de atendimento.
A estrutura do Campus é extremamente complexa, com cerca de 110 imóveis, dentre os quais edifícios de grande porte e complexidade, que albergam atividades de pesquisa científica que representam grandes parte do consumo de energia elétrica, pois muitas delas têm necessidade de refrigeração ininterrupta para a preservação de amostras e equipamentos. 
Diferentemente do que ocorreu nos demais Campi, o Campus São Paulo teve as atividades práticas acadêmicas mantidas e que foram pouco impactadas pelas restrições ocasionadas pela pandemia Covid-19. Em algumas situações as atividades foram intensificadas com o surgimento de pesquisas laboratoriais emergenciais, postos de atendimento, bem como uma cadeia de atividades de apoio as ações de combate ao Corona vírus.
Além disso houve a determinação do retorno das atividades presenciais de todo o Campus São Paulo, conforme Portaria 378/2022 em 07/03/2022 que impactou diretamente no aumento do consumo de energia observado em Abril/2022. Os Comitês de Retorno Seguro do Campus São Paulo e de Enfrentamento da Covid-19 do HSP publicaram protocolos de segurança sanitária (Nota Técnica 26), que impactaram diretamente no aumento de consumo como por exemplo a utilização de ar condicionado com portas e janelas abertas, o que aumenta o consumo energético do equipamento.
Embora o consumo de energia elétrica do mês de abril não tenha atingido o patamar mínimo de 10%, com relação às médias de consumo de abril de 2018 e 2019, conforme determinado no Decreto, a Universidade vem empenhando esforços visando a diminuição do consumo há alguns anos por meio das metas do Plano de Gestão de Logística Sustentável (desde 2014), da promoção de Boas Práticas para economia de Energia Elétrica (publicadas em 2015), da criação de Grupo de Trabalho Técnico (com objetivo de revisar a demanda contratada e propor melhorias para redução do consumo - 2018) e da realização de campanhas de conscientização e sensibilização anuais. Desta forma olhando sob esta perspectiva o campus acumula redução na ordem de 12,9% no período de 2016 a 2021 somente em energia elétrica, sem impactos nas atividades acadêmicas e assistenciais.",
"042022",2022-06-30 15:54:28.000,"Instituto Federal de Educação, Ciência e Tecnologia do Rio Grande do Sul",IFRS,488624,240193,,
"042022",2022-06-30 16:08:49.000,"Instituto Federal de Educação, Ciência e Tecnologia do Sul de Minas Gerais",IFSULDEMINAS,255792,124252,,"Desde 2016, o IFSULDEMINAS teve 2.180 módulos fotovoltaicos instalados em suas nove unidades, com 580 kWp de capacidade de geração, que geraram até hoje 3,9 milhões de kWh. Em dezembro de 2020, foram iniciadas as instalações de 3.250 módulos fotovoltaicos adicionais, com 1.200 kWp de capacidade de geração. Foram investidos R$ 4,5 milhões, e a expectativa é economizar anualmente R$ 900 mil."
"042022",2022-06-30 18:12:56.000,Ministério do Trabalho e Previdência,MTP,745363,616410,,"Em atendimento as disposições contidas na Portaria SEGES/ME 14.584 de 13 de dezembro de 2021 informo que os dados apresentados para os meses de abril de 2018, abril de 2019 e abril de 2022 são fornecidos pela Comissão Interna de Conservação de Energia do Ministério do Trabalho e Previdência, com extração em 30 de junho de 2022, às 17:10h. 
No âmbito do Ministério do Trabalho e Previdência, a CICE estabeleceu que serão objeto de monitoramento para fins do cumprimento do disposto no Decreto Nº 10.779/21, art. 4º e §§ 1º, 2º todos os prédios cujo pagamento total da fatura de energia é realizado pelo Ministério do Trabalho e Previdência. 
No dia 30/06/2022, constam 267 prédios na base de monitoramento, sendo que 13 destes foram fechados no período de setembro 2021 a abril de 2022, ou seja, a quantidade de prédios a serem monitorados em abril de 2022 é de 254. Do total de prédios a serem monitorados (254), 242 possuem dados suficientes para o cálculo do comparativo, ou seja, os dados informados para o monitoramento de abril de 2022 representam 95,35% do total dos prédios a serem monitorados. 
Cumpre salientar que o tanto o conjunto de dados apresentados é dinâmico e pode sofrer alterações no decorrer de todo o período de monitoramento estabelecido no decreto.
"
"042022",2022-06-30 18:27:48.000,Advocacia-Geral da União,AGU,1333694,814753,,
"042022",2022-06-30 21:36:37.000,Universidade Federal do Cariri,UFCA,135043,122653,"Os campi de universidade da UFCA estão em plena expansão, neste caso, em abril de 2022 as instalações da Universidade Federal do Cariri encontravam-se ampliadas com relação ao mesmo mês dos anos 2018 e 2019. Assim sendo, mesmo com as medidas implantadas para redução energética nos campi, como por exemplo a implantação de uma usina solar, não conseguiu-se economia de ao mesmo 10% em abril.",
"042022",2022-07-04 00:17:57.000,"Instituto Nacional de Metrologia, Qualidade e Tecnologia",INMETRO,1062518,982290,"Referente ao mês de abril/2022, abaixo seguem as justificativas para o não atingimento da meta neste mês de referência:

1 - Alteração do horário de trabalho em Xerém;
2 - Aumento da população local em virtude do retorno das atividades presenciais provocando acionamento dos equipamentos locais demandando mais energia, com exemplo ar condicionado, elevadores, bebedouros, bombas de reabastecimento de água entre outros;
3 - Implementação do pleno atendimento do restaurante, acarretando em maior demanda de energia;
4 - Implementação de novos ambientes de trabalho e instalação de novos equipamentos  (nobreak, ar condicionado, bebedouros e equipamentos específicos desses ambientes, sejam administrativos ou laboratoriais)
5 - Atividades e eventos extra expedientes demandando energia, como os solicitados pela Dicom e Gabin.
6 - Aumento das atividades laboratoriais em virtude de atendimento da demanda reprimida.","Não foi informado o consumo do mês de abril/2022 referente ao espaço compartilhado com o Bacen, pois os servidores daquela instituição encontram-se em greve, não tendo repassado os documentos referentes ao rateio das despesas."
"042022",2022-07-04 11:03:47.000,"Instituto Federal de Educação, Ciência e Tecnologia de Santa Catarina",IFSC,27130,13912,,
"042022",2022-07-04 20:23:17.000,Universidade Federal Fluminense,UFF,1795882,1367771,,Mês de continuidade das atividades semipresenciais.
"022022",2022-07-05 00:00:00.000,Agência Nacional de Saúde Suplementar,ANS,267005,168776,,"Cabe ressaltar que a instituição encontrava-se fechada, atuando em regime de trabalho remoto nos meses de Fevereiro de 2021 e 2022 tendo em vista a adoção de medidas para contenção do contágio do vírus da COVID-19, e que aproveitou-se o período de suspensão das atividades presenciais para a realização de obras no prédio sede, situado no Rio de Janeiro."
"042022",2022-07-07 00:00:00.000,Ministério da Educação,MEC,701,681,"Após apuração do consumo em abril/2022 e análise das variáveis perfil de uso x rotinas de manutenção, atribui-se a economia de apenas 2,78% (dois vírgula setenta e oito por cento), e consequentemente o não atingimento da economia de 10% (dez por cento) ao retorno dos servidores ao trabalho presencial em março de 2022, que corresponde ao período de apuração da fatura de abril, bem como a o início das atividades, em modo presencial, de 94 (noventa e quatro) novos postos de auxiliares administrativos no mesmo período.","Edifícios do MEC incluídos no cálculo de consumo: Edifício-Sede / Edifícios-Anexos I e II / Edifício Conselho Nacional de Educação - CNE / Edifício Garagem do MEC / Edifício Depósito do SIA / Edifício Cetremec. 
Redução de consumo-médio de 2,78% (dois vírgula setenta e oito por cento) no comparativo referente à média do mês de abril entre 2018/2019 e abril de 2022.
"
"042022",2022-07-07 00:00:00.000,Agência Nacional de Cinema,ANCINE,105160,62400,,
"042022",2022-07-06 00:00:00.000,Superintendência de Seguros Privados,SUSEP,124638,74184,,
"042022",2022-07-12 00:00:00.000,"Instituto Federal de Educação, Ciência e Tecnologia do Rio Grande do Norte",IFRN,848209,274586,,
"032022",2022-07-05 00:00:00.000,Agência Nacional de Saúde Suplementar,ANS,269932,205529,,"Cabe ressaltar que a instituição se encontrava fechada, atuando em regime de trabalho remoto tendo em vista a adoção de medidas para contenção do contágio do vírus da COVID-19 de março de 2020 até 06/03/2022, retornando às atividades presenciais em 07/03/2022.
No período em que esta Autarquia esteve fechada ocorreram obras de melhoria."
